Date,RR,Rain7,RH_avg,Tavg,FRI_v2,FRI_v3_Final,Risk_Class_v3_Final,Confidence_v3_Final
2024-07-01,0.1,0.1,81.0,27.4,20.118740157480318,25.115118110236217,Low,1.0
2024-07-02,0.0,0.1,77.0,27.9,14.141240157480317,20.68011811023622,Low,1.0
2024-07-03,2.1,2.2,74.0,28.6,16.52069616297963,24.476566679165106,Low,1.0
2024-07-04,0.0,2.2,73.0,27.6,12.714426321709793,17.819741282339724,Low,1.0
2024-07-05,0.0,2.2,78.0,27.3,15.829505686789156,20.032042869641305,Low,1.0
2024-07-06,0.8,3.0,79.0,27.4,18.932204724409445,23.38354330708661,Low,1.0
2024-07-07,2.5,5.5,75.0,27.9,18.321780089988746,24.08506749156355,Low,1.0
2024-07-08,,5.4,,,8.503937007874002,8.503937007874002,Low,0.35
2024-07-09,1.6,7.0,87.0,26.9,32.887922134733145,35.165489938757645,Medium,1.0
2024-07-10,1.5,6.4,86.0,26.1,30.306036745406814,31.26089238845144,Low,1.0
2024-07-11,,6.4,74.0,27.6,18.39691913510811,24.31813670350031,Low,0.85
2024-07-12,0.0,6.4,86.0,26.4,29.956036745406813,30.860892388451433,Low,1.0
2024-07-13,17.3,22.9,79.0,28.7,38.39669424428431,43.81746374877679,Medium,1.0
2024-07-14,0.0,20.4,82.0,27.0,34.700338048216345,34.295792189307,Medium,1.0
2024-07-15,0.0,20.4,78.0,27.6,29.311449159327463,30.643014411529233,Low,1.0
2024-07-16,0.0,18.8,77.0,27.9,27.733436749399505,30.19465572457965,Low,1.0
2024-07-17,0.0,17.3,72.0,28.5,25.8085516031873,29.804081360326354,Low,1.0
2024-07-18,0.6,17.900000000000002,77.0,27.9,27.61314851881504,30.302453963170528,Low,1.0
2024-07-19,0.0,17.900000000000002,77.0,28.6,28.8662040743706,32.92856507428165,Low,1.0
2024-07-20,0.0,0.6,74.0,29.1,15.115298087739031,23.723565804274468,Low,1.0
2024-07-21,0.0,0.6,75.0,29.0,15.512123484564428,23.981502312210974,Low,1.0
2024-07-22,0.0,0.6,75.0,29.2,15.789901262342209,24.53705786776653,Low,1.0
2024-07-23,0.0,0.6,71.0,29.7,14.34148856392951,23.783089613798275,Low,1.0
2024-07-24,0.0,0.6,69.0,29.9,13.547837770278711,23.267216597925252,Low,1.0
2024-07-25,0.0,0.0,71.0,29.2,13.174603174603176,22.063492063492063,Low,1.0
2024-07-26,0.0,0.0,75.0,28.1,13.616071428571436,20.80357142857144,Low,1.0
2024-07-27,0.0,0.0,72.0,28.9,13.293650793650793,21.765873015873016,Low,1.0
2024-07-28,0.0,0.0,72.0,29.2,13.71031746031746,22.59920634920635,Low,1.0
2024-07-29,0.0,0.0,74.0,29.0,14.503968253968251,23.115079365079364,Low,1.0
2024-07-30,0.0,0.0,76.0,28.6,15.019841269841272,23.075396825396833,Low,1.0
2024-07-31,0.3,0.3,91.0,25.0,27.231220472440945,28.47035433070866,Low,1.0
2024-08-01,27.0,27.3,79.0,28.0,39.8986589271417,44.001561248999195,Medium,1.0
2024-08-02,0.0,27.3,79.0,28.4,36.101436704919486,38.75711680455474,Medium,1.0
2024-08-03,0.0,27.3,75.0,29.0,32.11334146682424,35.60235489979284,Medium,1.0
2024-08-04,7.0,34.3,86.0,26.4,47.05923405390978,44.646463837736846,Medium,1.0
2024-08-05,,34.3,83.0,26.9,46.096679812986174,46.0415914430891,Medium,0.85
2024-08-06,,34.3,80.0,28.0,44.30655635619605,47.98603588753355,Medium,0.85
2024-08-07,24.1,58.10000000000001,88.0,26.6,59.47703131703131,55.898033033033045,Medium,1.0
2024-08-08,,31.100000000000005,82.0,27.7,45.591528778578414,48.695780153534585,Medium,0.85
2024-08-09,0.0,31.1,82.0,27.0,38.98376478960946,37.29419090828218,Medium,1.0
2024-08-10,,31.1,80.0,28.1,43.2304176674673,47.66636838882872,Medium,0.85
2024-08-11,,24.1,80.0,28.6,41.08132184760153,47.40112351318964,Medium,0.85
2024-08-12,,24.1,75.0,28.4,33.332203681816694,38.86937748144359,Medium,0.85
2024-08-13,0.0,24.1,78.0,28.0,32.04263410728582,34.179843875100076,Medium,1.0
2024-08-14,0.0,0.0,76.0,28.0,13.839285714285715,20.71428571428572,Low,1.0
2024-08-15,0.0,0.0,83.0,27.8,24.250000000000004,30.50000000000001,Low,1.0
2024-08-16,1.2,1.2,96.0,25.6,31.924881889763785,33.63141732283466,Medium,1.0
2024-08-17,49.7,50.900000000000006,82.0,27.7,55.63015122265122,57.185855855855856,Medium,1.0
2024-08-18,,50.900000000000006,84.0,27.7,57.40016802516802,58.506889242183355,Medium,0.85
2024-08-19,11.6,62.50000000000001,76.0,29.1,48.54924066924068,49.75275418275418,Medium,1.0
2024-08-20,3.6,66.10000000000001,88.0,25.8,58.21992277992277,51.52261261261261,Medium,1.0
2024-08-21,0.4,66.5,86.0,26.6,56.67973401973401,50.164924924924925,Medium,1.0
2024-08-22,,66.5,82.0,27.6,59.29661804661804,58.375728669846325,Medium,0.85
2024-08-23,0.0,65.3,90.0,25.7,57.68918918918917,50.265765765765764,Medium,1.0
2024-08-24,8.9,24.5,87.0,25.9,43.59776220976781,42.071933546837464,Medium,1.0
2024-08-25,0.3,24.8,83.0,26.5,36.692858286629296,34.431000800640504,Medium,1.0
2024-08-26,0.0,13.2,81.0,26.9,29.004811898512667,29.497812773403307,Low,1.0
2024-08-27,0.0,9.6,83.0,26.9,29.17016622922133,30.513560804899374,Low,1.0
2024-08-28,0.0,9.2,75.0,27.6,19.2976659167604,22.749437570303723,Low,1.0
2024-08-29,,9.2,76.0,28.7,24.89202738546569,33.440047935184566,Medium,0.85
2024-08-30,0.0,9.2,73.0,28.5,20.51790401199849,26.261342332208468,Low,1.0
2024-08-31,0.0,0.3,73.0,28.8,13.926696662917138,22.18916385451819,Low,1.0
2024-09-01,,0.0,75.0,28.9,16.55643738977072,27.497665732959852,Low,0.85
2024-09-02,15.5,15.5,80.0,29.2,37.618613298337685,44.54608486439194,Medium,1.0
2024-09-03,13.0,28.5,80.0,27.1,37.912376567921,38.34616359754471,Medium,1.0
2024-09-04,0.5,29.0,88.0,25.8,43.62087002935681,40.31127568721644,Medium,1.0
2024-09-05,,29.0,78.0,28.9,39.55713953879152,45.585160939208876,Medium,0.85
2024-09-06,0.1,29.1,80.0,28.2,38.45923538831064,40.64096477181745,Medium,1.0
2024-09-07,,29.1,73.0,29.9,36.68054372951623,44.1592115896265,Medium,0.85
2024-09-08,8.3,37.4,76.0,28.7,38.715623673542,41.79500006354289,Medium,1.0
2024-09-09,0.0,21.9,85.0,26.8,39.24526287696823,38.1050173472111,Medium,1.0
2024-09-10,4.8,13.7,82.0,27.1,33.37406824146981,35.26451443569554,Medium,1.0
2024-09-11,0.1,13.3,88.0,26.6,37.04021872265966,36.69626421697288,Medium,1.0
2024-09-12,8.2,21.5,87.0,26.1,42.47013477448625,41.42459434214038,Medium,1.0
2024-09-13,0.0,21.4,74.0,28.2,28.10462655838956,31.191095733729835,Low,1.0
2024-09-14,,21.4,81.0,27.2,37.951348733307626,40.22014997619009,Medium,0.85
2024-09-15,1.6,14.7,81.0,27.6,32.83980314960629,35.312362204724415,Medium,1.0
2024-09-16,0.4,15.1,77.0,27.5,24.86226377952754,26.687834645669287,Low,1.0
2024-09-17,0.0,10.3,84.0,26.7,30.66579177602798,31.288276465441808,Low,1.0
2024-09-18,,10.2,76.0,28.0,24.300868641419807,30.983921127506115,Low,0.85
2024-09-19,0.8,2.8000000000000003,74.0,28.4,16.195359330083733,23.471719785026867,Low,1.0
2024-09-20,,2.8000000000000003,75.0,28.8,18.851810190392865,28.98652374335561,Low,0.85
2024-09-21,0.1,2.9000000000000004,72.0,28.7,15.339337582802145,22.86874265716785,Low,1.0
2024-09-22,0.0,1.3,71.0,29.5,14.614891888513936,23.613360829896266,Low,1.0
2024-09-23,0.0,0.9,82.0,28.2,24.708661417322837,31.99606299212598,Low,1.0
2024-09-24,1.4,2.3,79.0,26.7,16.676579177602797,19.468827646544177,Low,1.0
2024-09-25,0.0,2.3,76.0,28.5,16.691976002999624,24.065335583052118,Low,1.0
2024-09-26,1.5,3.0,89.0,24.7,28.33720472440944,28.92854330708661,Low,1.0
2024-09-27,0.8,3.8,79.0,27.9,21.12462598425196,26.949488188976375,Low,1.0
2024-09-28,0.0,3.7,86.0,26.8,28.746719160104984,31.206036745406827,Low,1.0
2024-09-29,4.1,7.799999999999999,78.0,28.6,25.21228783902012,32.24532370953631,Low,1.0
2024-09-30,,7.799999999999999,77.0,28.3,23.64513463594828,31.855282795532908,Low,0.85
2024-10-01,0.0,6.399999999999999,82.0,26.8,24.872703412073484,26.69422572178478,Low,1.0
2024-10-02,,6.399999999999999,78.0,28.7,25.120905025760656,34.460526992949404,Medium,0.85
2024-10-03,2.0,6.899999999999999,85.0,26.9,30.844181977252838,33.225371828521425,Medium,1.0
2024-10-04,2.5,8.599999999999998,87.0,26.7,33.95220909886263,35.47626859142606,Medium,1.0
2024-10-05,,8.599999999999998,85.0,26.8,34.561096529600455,38.125675467037205,Medium,0.85
2024-10-06,24.2,28.7,82.0,27.3,43.27632950805088,44.91831954452451,Medium,1.0
2024-10-07,0.0,28.7,75.0,28.5,31.97934538106675,34.60577986198482,Medium,1.0
2024-10-08,0.0,28.7,91.0,26.8,46.59244061916199,44.63554176674673,Medium,1.0
2024-10-09,13.3,42.0,79.0,28.4,45.09281113779912,47.53641224090383,Medium,1.0
2024-10-10,0.0,40.0,85.0,26.9,46.76883729205585,43.732630548883535,Medium,1.0
2024-10-11,11.7,49.2,84.0,27.7,54.00650900900901,53.687972972972965,Medium,1.0
2024-10-12,20.3,69.5,85.0,27.1,61.40387387387386,57.923378378378395,Medium,1.0
2024-10-13,0.7,46.0,87.0,26.7,51.02020327373008,46.84786451383329,Medium,1.0
2024-10-14,43.0,89.0,82.0,28.1,67.66763229388141,66.70109260571701,High,1.0
2024-10-15,1.0,90.0,82.0,26.9,58.25030317347822,50.7396566658792,Medium,1.0
2024-10-16,1.2,77.9,79.0,28.3,54.27879879879878,51.684714714714715,Medium,1.0
2024-10-17,0.0,77.9,81.0,27.9,56.47240990990989,52.561936936936924,Medium,1.0
2024-10-18,23.5,89.7,83.0,26.1,62.23814079848807,55.263365225608325,Medium,1.0
2024-10-19,0.3,69.7,74.0,27.8,44.534414414414414,41.16294723294723,Medium,1.0
2024-10-20,1.5,70.5,75.0,28.1,46.74502895752896,44.473841698841696,Medium,1.0
2024-10-21,0.0,27.5,75.0,29.4,32.74896107362079,36.76951084677265,Medium,1.0
2024-10-22,0.0,26.5,70.0,29.8,30.22562494439996,34.92182634996886,Medium,1.0
2024-10-23,0.0,25.3,71.0,29.6,30.00317714489051,34.56571606491542,Medium,1.0
2024-10-24,0.0,25.3,74.0,29.6,31.61032000203336,36.172858922058275,Medium,1.0
2024-10-25,0.0,1.8,72.0,28.5,14.155418072740906,21.646887889013875,Low,1.0
2024-10-26,0.0,1.5,72.0,29.0,14.613642044744406,22.870422447194102,Low,1.0
2024-10-27,0.0,0.0,68.0,29.7,12.26190476190476,21.84523809523809,Low,1.0
2024-10-28,0.0,0.0,66.0,29.5,10.912698412698411,20.21825396825397,Low,1.0
2024-10-29,0.0,0.0,71.0,30.0,14.285714285714286,24.285714285714285,Low,1.0
2024-10-30,53.6,53.6,75.0,28.1,47.851448519948526,50.483535392535394,Medium,1.0
2024-10-31,0.0,53.6,79.0,27.5,43.65387709137709,40.83896396396397,Medium,1.0
2024-11-01,38.4,92.0,80.0,27.5,62.13481159933853,59.010118119536976,Medium,1.0
2024-11-02,4.2,96.2,88.0,26.4,65.95202929364517,57.77708717221828,Medium,1.0
2024-11-03,0.0,96.2,78.0,28.8,55.81369596031183,52.71542050555163,Medium,1.0
2024-11-04,12.4,108.6,84.0,26.2,63.57437042286794,55.66639262934089,Medium,1.0
2024-11-05,6.0,114.6,87.0,26.2,66.70039570044885,58.25944365698086,Medium,1.0
2024-11-06,3.3,64.3,82.0,27.2,52.79854997854997,48.74276276276276,Medium,1.0
2024-11-07,44.1,108.4,90.0,25.2,71.6525584691708,64.62645759508622,Medium,1.0
2024-11-08,1.2,71.19999999999999,84.0,26.6,55.51196053196053,48.70348348348349,Medium,1.0
2024-11-09,0.0,67.0,79.0,27.8,48.90283140283141,45.73198198198199,Medium,1.0
2024-11-10,97.1,164.1,83.0,26.8,72.33285424049137,67.4735313016773,High,1.0
2024-11-11,0.0,151.7,79.0,29.0,61.244290889046376,57.44044806677691,Medium,1.0
2024-11-12,37.6,183.3,86.0,26.9,75.12057957319473,68.63685014568075,High,1.0
2024-11-13,6.6,186.6,86.0,26.8,71.49103236475314,62.897722655327186,Medium,1.0
2024-11-14,0.0,142.49999999999997,89.0,26.2,67.46482990786676,57.462880935506725,Medium,1.0
2024-11-15,33.1,174.4,83.0,28.1,73.22133652256085,70.24668556579259,High,1.0
2024-11-16,0.0,174.4,89.0,26.5,69.59883652256083,59.28168556579258,Medium,1.0
2024-11-17,56.2,133.5,86.0,27.2,74.50073643593983,70.47669328293567,High,1.0
2024-11-18,0.1,133.6,90.0,25.7,67.1875313016773,56.94660524450744,Medium,1.0
2024-11-19,70.0,166.0,90.0,26.3,77.36106780061422,70.92608079376329,High,1.0
2024-11-20,,159.4,90.0,26.8,77.96808147623173,71.70967607454038,High,0.85
2024-11-21,1.9,161.3,90.0,26.5,70.21015355539807,60.50510748877864,Medium,1.0
2024-11-22,38.7,166.9,87.0,26.4,73.69255492558469,66.35995511457595,High,1.0
2024-11-23,2.0,168.9,92.0,26.4,71.86567446255611,61.96263879045594,Medium,1.0
2024-11-24,0.3,113.0,91.0,26.1,67.00923340420505,57.50663004961021,Medium,1.0
2024-11-25,3.3,116.2,93.0,25.8,69.39822466335931,60.188923931018195,Medium,1.0
2024-11-26,2.6,48.8,86.0,26.8,52.42030888030887,48.60954954954955,Medium,1.0
2024-11-27,15.3,64.1,92.0,25.6,61.8430888030888,56.13882882882883,Medium,1.0
2024-11-28,2.2,64.4,85.0,26.9,56.057391677391664,50.93861861861861,Medium,1.0
2024-11-29,7.7,33.4,93.0,25.4,50.33394582332531,47.24259540966104,Medium,1.0
2024-11-30,,31.4,81.0,28.0,45.09996886398006,49.23585927565582,Medium,0.85
2024-12-01,4.1,35.2,82.0,27.5,43.68868895116093,43.75033226581265,Medium,1.0
2024-12-02,0.0,31.9,87.0,26.6,44.81790988346231,41.92114802953474,Medium,1.0
2024-12-03,1.4,30.7,83.0,27.4,41.99474779823858,41.744323458767006,Medium,1.0
2024-12-04,0.0,15.4,79.0,27.2,27.82042869641293,28.627077865266827,Low,1.0
2024-12-05,,13.2,75.0,27.2,23.62968517824159,26.580059845460486,Low,0.85
2024-12-06,0.0,5.5,73.0,28.4,17.46562929633795,23.944194475690534,Low,1.0
2024-12-07,2.0,7.5,74.0,28.3,20.237257842769644,26.504493188351454,Low,1.0
2024-12-08,0.0,3.4,70.0,28.7,14.621609798775149,22.012904636920386,Low,1.0
2024-12-09,0.0,3.4,79.0,26.8,17.260498687664043,19.790682414698168,Low,1.0
2024-12-10,0.0,2.0,78.0,28.0,17.824803149606296,24.227362204724415,Low,1.0
2024-12-11,0.0,2.0,78.0,28.3,18.588692038495186,25.755139982502186,Low,1.0
2024-12-12,11.5,13.5,86.0,26.3,38.32992125984251,38.907611548556424,Medium,1.0
2024-12-13,10.5,24.0,85.0,26.8,42.819268748332,42.7934881238324,Medium,1.0
2024-12-14,0.0,22.0,76.0,28.4,29.69402506131889,32.98621436832004,Low,1.0
2024-12-15,0.0,22.0,79.0,28.6,34.257517124810946,37.82748420958989,Medium,1.0
2024-12-16,0.0,22.0,79.0,28.7,34.39640601369983,38.10526198736767,Medium,1.0
2024-12-17,4.0,26.0,86.0,27.7,46.59074259407525,48.36226981585268,Medium,1.0
2024-12-18,25.5,51.5,89.0,26.0,57.42403474903474,53.857657657657654,Medium,1.0
2024-12-19,64.9,104.9,86.0,26.1,70.88184927947083,65.26076116229626,Medium,1.0
2024-12-20,3.5,97.9,90.0,25.7,66.43909756673753,57.51070163004962,Medium,1.0
2024-12-21,12.4,110.3,82.0,27.6,64.04977202929365,59.48667375383891,Medium,1.0
2024-12-22,21.0,131.3,85.0,27.1,69.4450271674935,63.60818568391213,Medium,1.0
2024-12-23,38.5,169.8,94.0,25.6,77.55216158752657,69.4915131112686,High,1.0
2024-12-24,6.0,171.8,86.0,27.3,71.92583668005355,64.94364123159305,Medium,1.0
2024-12-25,1.0,147.3,87.0,26.4,67.06498346326482,57.34465509095204,Medium,1.0
2024-12-26,,82.4,86.0,27.1,70.02717002717003,66.21621621621622,High,0.85
2024-12-27,,78.9,81.0,28.3,64.30061013394347,64.63522345875288,Medium,0.85
2024-12-28,4.0,70.5,83.0,27.5,57.44145752895753,53.79527027027027,Medium,1.0
2024-12-29,8.2,57.7,84.0,27.7,56.27472007722006,54.90238738738738,Medium,1.0
2024-12-30,52.7,71.9,87.0,25.9,65.21240797940797,60.87258558558558,Medium,1.0
2024-12-31,0.7,66.60000000000001,84.0,27.4,56.05413127413127,51.81189189189188,Medium,1.0
2025-01-01,0.0,65.60000000000001,81.0,28.0,52.82738095238094,50.41666666666666,Medium,1.0
2025-01-02,18.0,83.60000000000001,82.0,28.0,63.85222007722006,61.57072072072071,Medium,1.0
2025-01-03,10.9,94.5,86.0,26.9,66.90273879833057,60.50569493660917,Medium,1.0
2025-01-04,0.0,90.5,89.0,26.6,64.92149972438774,56.36866091818254,Medium,1.0
2025-01-05,,82.3,84.0,27.3,67.27537060870394,63.96749690867338,Medium,0.85
2025-01-06,0.0,29.6,83.0,27.3,40.71661773863535,40.04052130593364,Medium,1.0
2025-01-07,19.0,47.900000000000006,89.0,25.7,55.33240025740025,51.52184684684685,Medium,1.0
2025-01-08,43.5,91.4,84.0,26.4,66.08854240491377,60.3336463501063,Medium,1.0
2025-01-09,0.2,73.60000000000001,90.0,26.1,60.7730501930502,52.921801801801806,Medium,1.0
2025-01-10,14.8,77.5,86.0,26.3,62.92120978120976,56.47351351351351,Medium,1.0
2025-01-11,0.1,77.60000000000001,95.0,24.1,63.47838481338481,53.55436936936936,Medium,1.0
2025-01-12,10.0,87.60000000000001,97.0,24.0,70.05578195133475,60.52654736593432,Medium,1.0
2025-01-13,24.7,112.3,90.0,25.1,69.85955823293172,61.71102409638554,Medium,1.0
2025-01-14,,93.3,92.0,25.5,73.16750662781845,66.04375981434387,High,0.85
2025-01-15,72.6,122.4,91.0,25.7,75.01506189463737,68.9045766595795,High,1.0
2025-01-16,,122.2,92.0,25.6,75.15657400845211,67.64546073567627,High,0.85
2025-01-17,52.6,160.0,87.0,26.0,74.18570918969998,67.25902976612332,High,1.0
2025-01-18,24.2,184.1,95.0,25.0,77.09171627687219,67.56270139381053,High,1.0
2025-01-19,26.1,200.2,89.0,26.0,75.31591188282542,66.42997165131112,High,1.0
2025-01-20,1.4,176.9,88.0,26.3,69.51481927710843,59.266706827309235,Medium,1.0
2025-01-21,0.0,176.9,83.0,26.8,64.20481927710844,54.67670682730923,Medium,1.0
2025-01-22,0.0,104.3,90.0,25.9,65.58374675171274,56.00862272619891,Medium,1.0
2025-01-23,3.2,107.5,88.0,26.5,66.302738010867,57.8109166076069,Medium,1.0
2025-01-24,0.0,54.90000000000001,84.0,27.1,51.176319176319176,47.0900900900901,Medium,1.0
2025-01-25,82.4,113.10000000000002,93.0,25.5,75.94113938105363,70.0247642334042,High,1.0
2025-01-26,67.8,154.8,87.0,26.3,74.7365983935743,68.45605220883535,High,1.0
2025-01-27,,153.4,92.0,25.6,77.20397931595664,69.1629493753561,High,0.85
2025-01-28,30.1,183.50000000000003,97.0,23.8,77.89628041578078,67.67289629104654,High,1.0
2025-01-29,7.2,190.7,88.0,25.3,71.22984408221119,60.77055752421451,Medium,1.0
2025-01-30,0.0,187.50000000000003,84.0,25.4,64.58085282305693,53.11493030947318,Medium,1.0
2025-01-31,7.0,194.50000000000003,84.0,26.2,67.92760453579022,58.13765650838648,Medium,1.0
2025-02-01,16.0,128.10000000000002,80.0,26.4,58.9977025750059,51.15089180250413,Medium,1.0
2025-02-02,0.0,60.30000000000001,81.0,27.8,50.49710424710425,47.972972972972975,Medium,1.0
2025-02-03,0.3,60.600000000000016,78.0,28.2,46.338629343629336,45.09554054054053,Medium,1.0
2025-02-04,5.0,35.500000000000014,76.0,27.4,34.32057074230813,34.2136852339014,Medium,1.0
2025-02-05,0.0,28.30000000000001,84.0,26.2,39.22397918334667,36.23178542834267,Medium,1.0
2025-02-06,2.5,30.80000000000001,82.0,26.3,38.308113157192416,35.599012543368026,Medium,1.0
2025-02-07,0.0,23.80000000000001,79.0,26.8,30.25587136375767,28.88744328796371,Low,1.0
2025-02-08,0.2,8.000000000000014,86.0,25.5,30.545879265091862,30.362782152230974,Low,1.0
2025-02-09,3.5,11.500000000000014,83.0,26.2,30.705118110236217,30.93858267716535,Low,1.0
2025-02-10,1.2,12.400000000000013,82.0,26.1,28.91044619422572,28.38797900262467,Low,1.0
2025-02-11,0.0,7.400000000000015,75.0,27.1,16.42200974878141,18.840644919385092,Low,1.0
2025-02-12,0.0,7.400000000000015,78.0,27.7,21.13927165354331,25.328740157480315,Low,1.0
2025-02-13,0.0,4.900000000000015,82.0,27.8,26.608267716535444,31.700787401574818,Low,1.0
2025-02-14,0.0,4.900000000000015,86.0,27.1,30.524934383202112,33.53412073490816,Medium,1.0
2025-02-15,28.0,32.70000000000002,81.0,27.3,43.75761053287074,45.10921626189841,Medium,1.0
2025-02-16,17.6,46.80000000000001,85.0,27.1,53.72657058980517,52.2692660795303,Medium,1.0
2025-02-17,0.0,45.60000000000001,84.0,26.8,47.23285294902589,43.246330397651455,Medium,1.0
2025-02-18,17.0,62.60000000000001,85.0,26.8,57.92046332046331,54.05765765765766,Medium,1.0
2025-02-19,50.0,112.6,91.0,24.7,72.6989428301441,65.47675998110088,Medium,1.0
2025-02-20,,112.6,81.0,27.6,66.33215870016012,63.06089409541282,Medium,0.85
2025-02-21,,112.6,83.0,27.2,68.35376363843172,63.8125280823409,Medium,0.85
2025-02-22,1.2,85.80000000000001,88.0,26.4,64.09840411840412,55.519549549549545,Medium,1.0
2025-02-23,14.4,82.60000000000001,93.0,25.4,68.13380308880308,60.41716216216215,Medium,1.0
2025-02-24,110.2,192.8,91.0,25.1,80.76886959603118,73.95904205055517,High,1.0
2025-02-25,11.8,187.6,88.0,26.2,72.41009213323883,63.06239782660052,Medium,1.0
2025-02-26,,137.60000000000002,92.0,25.8,76.35233745439274,68.7866344269813,High,0.85
2025-02-27,115.8,253.4,94.0,25.5,86.55622489959838,79.00602409638554,High,1.0
2025-02-28,43.6,297.0,89.0,26.1,82.86623080557523,73.22352823056934,High,1.0
2025-03-01,1.8,297.6,85.0,27.6,77.34500000000001,68.33000000000001,High,1.0
2025-03-02,0.3,283.5,80.0,28.4,70.1900350421293,63.27763564060162,Medium,1.0
2025-03-03,0.0,173.29999999999998,83.0,27.8,66.90887077722657,60.361209544058596,Medium,1.0
2025-03-04,,161.5,89.0,26.7,77.10280118294529,70.42292584409147,High,0.85
2025-03-05,4.1,165.60000000000002,86.0,27.1,70.51077722655329,62.83621072525398,Medium,1.0
2025-03-06,26.2,76.00000000000001,87.0,26.1,64.21025096525096,58.39734234234234,Medium,1.0
2025-03-07,0.2,32.600000000000016,82.0,27.9,42.33785628502802,43.18174939951961,Medium,1.0
2025-03-08,1.8,32.60000000000001,81.0,28.0,41.79035628502802,43.26674939951961,Medium,1.0
2025-03-09,10.3,42.600000000000016,87.0,25.9,51.03022551374432,47.42399119295436,Medium,1.0
2025-03-10,5.3,47.90000000000001,84.0,27.9,53.359900257400255,53.365180180180175,Medium,1.0
2025-03-11,0.0,47.90000000000001,89.0,26.5,52.132400257400256,47.05518018018018,Medium,1.0
2025-03-12,5.7,49.500000000000014,91.0,26.2,55.740534105534095,51.305540540540534,Medium,1.0
2025-03-13,15.3,38.600000000000016,84.0,27.6,50.09561115559115,50.92809447558047,Medium,1.0
2025-03-14,27.1,65.50000000000001,94.0,25.5,64.79687258687258,59.54247747747747,Medium,1.0
2025-03-15,2.4,66.10000000000002,82.0,27.6,54.19825611325612,50.96927927927929,Medium,1.0
2025-03-16,,55.800000000000026,84.0,28.5,61.350993850993845,64.46210916799151,Medium,0.85
2025-03-17,22.9,73.4,87.0,26.2,63.12703346203345,57.48342342342342,Medium,1.0
2025-03-18,0.4,73.80000000000001,81.0,27.6,54.37573359073359,50.003513513513525,Medium,1.0
2025-03-19,0.0,68.10000000000001,86.0,26.6,57.03453453453453,50.28528528528529,Medium,1.0
2025-03-20,4.7,57.500000000000014,91.0,24.6,56.76787001287002,50.120675675675685,Medium,1.0
2025-03-21,0.2,30.60000000000001,88.0,25.4,43.80804910595143,39.91296770749933,Medium,1.0
2025-03-22,7.6,35.80000000000001,94.0,25.1,51.65638110488389,48.0201334400854,Medium,1.0
2025-03-23,64.9,100.70000000000002,90.0,26.0,73.05046491849752,67.4204587762816,High,1.0
2025-03-24,1.5,79.30000000000001,86.0,27.3,63.18258258258258,57.5966966966967,Medium,1.0
2025-03-25,15.0,93.90000000000002,82.0,28.3,65.4417473816836,63.356445389400754,Medium,1.0
2025-03-26,8.0,101.90000000000002,80.0,29.3,62.99478108512482,61.68995787069849,Medium,1.0
2025-03-27,,97.20000000000002,87.0,27.4,73.65491377273801,70.40011256097053,High,0.85
2025-03-28,1.7,98.70000000000002,81.0,27.3,58.655234270415,52.24155287817939,Medium,1.0
2025-03-29,9.2,100.3,72.0,28.9,54.2011584714207,52.44912839031194,Medium,1.0
2025-03-30,0.0,35.40000000000001,80.0,28.3,41.08014189129081,42.62415487945912,Medium,1.0
2025-03-31,19.2,53.10000000000001,79.0,27.4,47.073835263835264,45.94135135135135,Medium,1.0
2025-04-01,0.1,38.20000000000001,74.0,28.7,35.5644513070774,37.3477508355891,Medium,1.0
2025-04-02,62.0,92.20000000000002,88.0,26.1,71.26579021970234,65.81171982045831,Medium,1.0
2025-04-03,,92.20000000000002,79.0,27.7,61.17402617003963,58.39221939661761,Medium,0.85
2025-04-04,8.0,98.5,78.0,27.5,55.32870009449564,50.36884006614695,Medium,1.0
2025-04-05,44.2,133.50000000000003,90.0,25.3,73.22829199149538,65.84580439404677,Medium,1.0
2025-04-06,0.5,134.00000000000003,88.0,26.3,66.62115520907157,56.95314197968345,Medium,1.0
2025-04-07,18.7,133.50000000000003,90.0,25.6,70.88495865816206,62.45580439404677,Medium,1.0
2025-04-08,29.1,162.50000000000003,87.0,26.8,73.38935861091426,66.57138436097331,High,1.0
2025-04-09,0.5,101.00000000000004,92.0,26.3,67.17218284904322,58.0888613276636,Medium,1.0
2025-04-10,4.0,105.00000000000004,80.0,27.8,59.60008858965274,55.06256201275691,Medium,1.0
2025-04-11,2.0,99.00000000000004,87.0,26.6,64.97350775651627,56.67006654067251,Medium,1.0
2025-04-12,2.2,57.000000000000014,80.0,27.9,48.75282818532818,47.29972972972973,Medium,1.0
2025-04-13,0.0,56.500000000000014,81.0,27.3,47.74667524667524,44.06156156156157,Medium,1.0
2025-04-14,0.0,37.80000000000001,76.0,28.8,36.57464066491288,38.52486751305806,Medium,1.0
2025-04-15,29.5,38.20000000000002,80.0,27.8,45.76214971977583,48.05600480384308,Medium,1.0
2025-04-16,3.1,40.80000000000001,81.0,27.5,44.030482385908726,43.219587670136114,Medium,1.0
2025-04-17,11.3,48.100000000000016,76.0,28.4,42.90381381381381,44.505066495066494,Medium,1.0
2025-04-18,0.0,46.100000000000016,70.0,28.8,36.683013077128365,37.636442487323194,Medium,1.0
2025-04-19,0.0,43.90000000000001,84.0,27.0,47.107864069033006,43.88106040387866,Medium,1.0
2025-04-20,0.1,44.000000000000014,76.0,28.5,38.67995958671699,39.48892409165427,Medium,1.0
2025-04-21,0.0,44.000000000000014,81.0,27.8,45.00900720576461,44.13130504403524,Medium,1.0
2025-04-22,0.0,14.500000000000014,80.0,28.4,32.32010061242344,36.67268153980752,Medium,1.0
2025-04-23,82.7,94.10000000000002,87.0,26.3,71.74767044649185,66.84060264587764,High,1.0
2025-04-24,0.0,82.80000000000003,75.0,28.2,50.41505791505792,46.969111969111964,Medium,1.0
2025-04-25,20.5,103.30000000000004,83.0,27.9,67.13718698322702,64.16728088825892,Medium,1.0
2025-04-26,17.5,120.80000000000004,86.0,26.2,67.97489959839358,60.19076305220884,Medium,1.0
2025-04-27,2.0,122.70000000000002,82.0,28.2,64.47044649184976,60.46931254429482,Medium,1.0
2025-04-28,0.0,122.70000000000002,87.0,27.3,67.51766871407197,60.33875698873928,Medium,1.0
2025-04-29,45.0,167.70000000000002,82.0,27.3,70.05035829592882,65.32413969603907,Medium,1.0
2025-04-30,,85.00000000000001,87.0,26.4,69.70667095667095,63.522787493375716,Medium,0.85
2025-05-01,3.5,88.50000000000001,85.0,27.9,66.61310240963854,62.58042168674699,Medium,1.0
2025-05-02,16.8,84.80000000000001,84.0,27.5,65.51582046332047,61.475990990991,Medium,1.0
2025-05-03,7.6,74.90000000000002,78.0,26.9,49.277436722436725,43.87848348348347,Medium,1.0
2025-05-04,2.1,75.00000000000001,87.0,26.7,60.997389532389526,54.279894894894895,Medium,1.0
2025-05-05,21.2,96.20000000000002,84.0,28.2,69.22536262697851,67.35375383888496,High,1.0
2025-05-06,0.0,51.20000000000002,80.0,29.0,48.05528743028743,48.77064564564564,Medium,1.0
2025-05-07,0.0,51.20000000000002,83.0,28.6,52.37473187473187,52.534534534534544,Medium,1.0
2025-05-08,,47.70000000000002,85.0,27.8,58.27005577005577,60.158982511923696,Medium,0.85
2025-05-09,17.0,47.90000000000001,80.0,28.2,49.48240025740026,51.20518018018018,Medium,1.0
2025-05-10,0.0,40.30000000000001,78.0,29.1,40.40282225780624,42.46947558046437,Medium,1.0
2025-05-11,0.0,38.20000000000001,75.0,28.8,36.19905448168058,38.10124289908117,Medium,1.0
2025-05-12,0.0,17.000000000000014,78.0,28.6,30.38091584378614,34.551363312872525,Medium,1.0
2025-05-13,0.0,17.000000000000014,73.0,29.8,28.02972536759566,33.86683950334871,Medium,1.0
2025-05-14,7.0,24.00000000000001,84.0,26.7,40.57482430388755,40.03793256827684,Medium,1.0
2025-05-15,2.7,26.700000000000014,83.0,26.9,39.52457788452983,38.625648963615326,Medium,1.0
2025-05-16,12.4,22.100000000000016,81.0,27.7,38.916160261542565,41.84939551641313,Medium,1.0
2025-05-17,0.0,22.100000000000016,78.0,29.1,33.11699359487589,37.369395516413135,Medium,1.0
2025-05-18,0.0,22.100000000000016,92.0,26.2,43.49199359487589,41.24439551641312,Medium,1.0
2025-05-19,44.0,66.10000000000002,85.0,27.2,62.95770055770056,61.26816816816816,Medium,1.0
2025-05-20,1.0,67.10000000000002,83.0,28.0,56.710006435006434,54.35450450450451,Medium,1.0
2025-05-21,4.7,64.80000000000001,86.0,28.3,62.71386958386958,62.08426426426426,Medium,1.0
2025-05-22,0.0,62.100000000000016,78.0,28.3,46.84014371514371,45.53115615615616,Medium,1.0
2025-05-23,,49.70000000000002,77.0,28.8,46.2998712998713,49.70853206147324,Medium,0.85
2025-05-24,0.0,49.70000000000002,74.0,29.4,40.89607464607464,42.31177606177605,Medium,1.0
2025-05-25,,49.70000000000002,79.0,28.2,49.54061204061203,52.15951245363009,Medium,0.85
2025-05-26,0.0,5.700000000000014,71.0,29.2,17.662792150981133,25.205224346956633,Low,1.0
2025-05-27,0.0,4.700000000000014,71.0,29.2,16.875390576177985,24.654043244594433,Low,1.0
2025-05-28,28.6,28.600000000000016,80.0,27.6,41.20407526020817,43.98085268214573,Medium,1.0
2025-05-29,0.0,28.600000000000016,81.0,27.1,36.76074192687484,35.64918601547906,Medium,1.0
2025-05-30,0.0,28.600000000000016,84.0,28.8,45.42740859354149,48.48251934881238,Medium,1.0
2025-05-31,35.8,64.4,96.0,24.5,65.7296138996139,60.18306306306307,Medium,1.0
2025-06-01,69.8,134.20000000000002,77.0,28.1,62.82913382943539,61.80774368060478,Medium,1.0
2025-06-02,0.0,134.20000000000002,74.0,28.7,54.43693541673697,50.5264897123508,Medium,1.0
2025-06-03,28.0,162.20000000000002,79.0,28.1,65.2408073470352,62.22731514292465,Medium,1.0
2025-06-04,1.0,134.60000000000002,83.0,27.6,64.39825773682968,58.11128041578078,Medium,1.0
2025-06-05,30.0,164.60000000000002,83.0,27.3,69.86727301362312,64.44597999842509,Medium,1.0
2025-06-06,36.6,201.2,86.0,26.4,74.88330498464447,66.83798015591779,High,1.0
2025-06-07,,165.4,79.0,28.8,68.63959104391421,67.58973610705799,High,0.85
2025-06-08,0.0,95.60000000000002,78.0,28.2,54.94492676588708,51.02394873612095,Medium,1.0
2025-06-09,0.0,95.60000000000002,78.0,29.1,56.19492676588708,53.52394873612096,Medium,1.0
2025-06-10,40.8,108.40000000000003,85.0,26.3,68.23922513583746,61.96479092841956,Medium,1.0
2025-06-11,0.0,107.40000000000003,76.0,27.4,50.73111774830414,44.10106813809862,Medium,1.0
2025-06-12,0.0,77.40000000000003,80.0,28.6,55.9295903045903,53.560435435435444,Medium,1.0
2025-06-13,0.0,40.800000000000026,80.0,28.7,43.79742683035317,45.24847655902499,Medium,1.0
2025-06-14,0.0,40.800000000000026,78.0,28.6,39.90853794146428,41.22069878124723,Medium,1.0
2025-06-15,0.0,40.800000000000026,80.0,28.6,43.65853794146428,44.97069878124723,Medium,1.0
2025-06-16,,40.800000000000026,88.0,26.3,53.95701746582451,51.94265216094444,Medium,0.85
2025-06-17,57.2,57.20000000000003,83.0,26.8,56.87101158301159,55.37344144144144,Medium,1.0
2025-06-18,0.2,57.400000000000034,79.0,28.1,46.83152831402832,45.56481981981984,Medium,1.0
2025-06-19,0.0,57.400000000000034,76.0,28.1,42.46581402831404,41.15910553410555,Medium,1.0
2025-06-20,0.0,57.400000000000034,75.0,28.4,42.52037752037752,41.80394680394681,Medium,1.0
2025-06-21,0.0,57.400000000000034,78.0,28.0,44.56402831402832,42.94481981981982,Medium,1.0
2025-06-22,0.0,57.400000000000034,73.0,28.4,41.44894894894895,40.73251823251823,Medium,1.0
2025-06-23,3.0,60.400000000000034,80.0,27.5,48.91677927927929,46.04549549549551,Medium,1.0
2025-06-24,0.0,3.2000000000000286,72.0,29.1,16.091113610798672,24.085208098987646,Low,1.0
2025-06-25,0.0,3.0000000000000284,74.0,28.6,16.31061742282217,23.65751156105489,Low,1.0
2025-06-26,0.0,3.0000000000000284,75.0,29.0,17.401887264092007,25.304336957880277,Low,1.0
2025-06-27,0.0,3.0000000000000284,76.0,29.3,18.354268216472963,26.6733845769279,Low,1.0
2025-06-28,0.0,3.0000000000000284,75.0,26.9,12.401887264092004,15.304336957880274,Low,1.0
2025-06-29,7.0,10.000000000000028,77.0,26.9,21.25179352580928,23.63403324584427,Low,1.0
2025-06-30,0.0,7.000000000000028,78.0,28.0,21.761811023622062,26.983267716535448,Low,1.0
2025-07-01,0.0,7.000000000000028,76.0,28.7,20.670541182352217,27.21144231971005,Low,1.0
2025-07-02,,7.000000000000028,81.0,27.5,28.693678915135624,34.68619731357112,Medium,0.85
2025-07-03,0.0,7.000000000000028,82.0,28.6,30.067366579177616,36.46937882764656,Medium,1.0
2025-07-04,0.0,7.000000000000028,88.0,26.3,31.595144356955394,32.274934383202115,Low,1.0
2025-07-05,3.7,10.700000000000028,91.0,25.8,37.44686351706037,37.57597112860893,Medium,1.0
2025-07-06,0.0,3.7000000000000286,81.0,26.9,21.524496937882777,24.261592300962388,Low,1.0
2025-07-07,0.0,3.7000000000000286,78.0,26.8,15.621719160105007,18.081036745406845,Low,1.0
2025-07-08,0.0,3.7000000000000286,76.0,27.9,16.440171541057385,22.12865579302588,Low,1.0
2025-07-09,0.0,3.7000000000000286,76.0,27.5,15.19017154105739,19.628655793025892,Low,1.0
2025-07-10,0.0,3.7000000000000286,68.0,29.1,14.341957255343102,22.217941507311604,Low,1.0
2025-07-11,0.0,3.7000000000000286,71.0,28.5,15.115766779152626,22.15841769778779,Low,1.0
2025-07-12,0.8,0.8000000000000285,82.0,27.6,23.07492125984255,28.6709448818898,Low,1.0
2025-07-13,,0.8000000000000285,81.0,27.9,24.65824584426949,33.60699397869386,Medium,0.85
2025-07-14,0.0,0.8000000000000285,82.0,26.5,19.62992125984254,21.94094488188978,Low,1.0
2025-07-15,13.5,14.30000000000003,76.0,27.5,26.669961567304096,30.171175478065255,Low,1.0
2025-07-16,0.0,14.30000000000003,73.0,28.7,24.811429821272345,29.627921509811276,Low,1.0
2025-07-17,0.0,14.30000000000003,67.0,28.5,21.31936632920885,25.858080239970008,Low,1.0
2025-07-18,0.0,14.30000000000003,69.0,29.0,23.085239345081877,28.31839770028747,Low,1.0
2025-07-19,0.0,13.500000000000028,67.0,28.9,21.24500062492189,26.528246469191355,Low,1.0
2025-07-20,0.0,13.500000000000028,67.0,28.4,20.550556180477443,25.139357580302466,Low,1.0
2025-07-21,0.0,13.500000000000028,70.0,29.3,23.407699037620304,29.24650043744533,Low,1.0
2025-07-22,0.0,0.0,77.0,28.7,15.694444444444445,23.888888888888886,Low,1.0
2025-07-23,0.0,0.0,79.0,27.6,16.87500000000001,22.500000000000018,Low,1.0
2025-07-24,,0.0,76.0,28.9,17.15167548500882,28.127917833800186,Low,0.85
2025-07-25,0.0,0.0,83.0,27.3,22.722222222222225,27.444444444444457,Low,1.0
2025-07-26,2.7,2.7000000000000286,84.0,27.0,26.594873140857413,30.385966754155746,Low,1.0
2025-07-27,0.0,2.7000000000000286,79.0,28.0,20.250984251968525,26.48818897637797,Low,1.0
2025-07-28,9.6,12.30000000000003,81.0,28.0,34.17337270341208,39.44952755905513,Medium,1.0
2025-07-29,0.2,12.500000000000028,78.0,29.2,28.186408573928265,34.16254155730534,Medium,1.0
2025-07-30,35.6,48.10000000000003,87.0,26.7,57.06230587730588,55.301336336336334,Medium,1.0
2025-07-31,0.3,48.40000000000003,80.0,27.5,43.97577541827543,41.72279279279281,Medium,1.0
2025-08-01,0.0,48.40000000000003,82.0,27.2,46.36271986271986,43.18168168168168,Medium,1.0
2025-08-02,50.0,95.70000000000002,76.0,28.2,59.54011845702136,59.117368634200666,Medium,1.0
2025-08-03,0.0,95.70000000000002,70.0,29.2,50.714721631624535,48.18086069769274,Medium,1.0
2025-08-04,0.0,86.10000000000002,83.0,27.8,61.758858965272864,56.75620127569101,Medium,1.0
2025-08-05,32.5,118.40000000000003,78.0,26.6,56.819267265139,50.39709819670841,Medium,1.0
2025-08-06,0.0,82.80000000000004,72.0,28.9,49.78013728013728,47.30641355641355,Medium,1.0
2025-08-07,0.0,82.50000000000003,76.0,28.5,51.270913770913765,48.27059202059202,Medium,1.0
2025-08-08,10.5,93.00000000000004,82.0,27.5,62.46220470115757,57.766459957476975,Medium,1.0
2025-08-09,1.2,44.20000000000003,78.0,27.6,39.31907125700562,38.03234987990394,Medium,1.0
2025-08-10,0.0,44.20000000000003,87.0,25.9,48.96407125700561,43.81234987990392,Medium,1.0
2025-08-11,6.6,50.800000000000026,86.0,25.9,52.90380952380952,48.15333333333333,Medium,1.0
2025-08-12,,18.300000000000026,76.0,26.5,25.483402595091945,25.16921099905134,Low,0.85
2025-08-13,8.2,26.50000000000003,85.0,26.0,42.263402722177744,40.53404857219109,Medium,1.0
2025-08-14,7.3,33.800000000000026,78.0,27.1,35.52407392580732,34.94135174806514,Medium,1.0
2025-08-15,0.0,23.30000000000003,82.0,25.9,33.97237790232186,31.3306645316253,Low,1.0
2025-08-16,0.0,22.10000000000003,81.0,26.7,33.04754915043146,31.605506627524242,Low,1.0
2025-08-17,0.0,22.10000000000003,81.0,27.2,34.43643803932034,34.38328440530202,Medium,1.0
2025-08-18,0.0,15.500000000000028,77.0,28.0,26.579724409448826,29.79330708661418,Low,1.0
2025-08-19,0.0,15.500000000000028,85.0,26.3,35.53805774278216,34.20997375328085,Medium,1.0
2025-08-20,1.8,9.100000000000028,76.0,27.3,19.571862267216613,22.50447819022624,Low,1.0
2025-08-21,0.0,1.8000000000000285,77.0,27.6,14.542322834645695,19.742125984252002,Low,1.0
2025-08-22,0.0,1.8000000000000285,74.0,28.2,14.81017997750283,21.884983127109127,Low,1.0
2025-08-23,18.0,19.80000000000003,75.0,27.0,28.122050656398137,29.656229110272353,Low,1.0
2025-08-24,0.0,19.80000000000003,80.0,25.9,29.196257005604483,26.97487990392314,Low,1.0
2025-08-25,0.0,19.80000000000003,84.0,26.3,35.90459033893782,34.01654657058981,Medium,1.0
2025-08-26,24.5,44.300000000000026,75.0,28.0,41.63267471119752,43.56894372640971,Medium,1.0
2025-08-27,0.0,42.50000000000003,74.0,29.1,37.80138396431431,39.60382591787716,Medium,1.0
2025-08-28,0.0,42.50000000000003,79.0,27.4,39.408526821457166,37.46096877502002,Medium,1.0
2025-08-29,0.0,42.50000000000003,77.0,27.7,36.596026821457166,35.58596877502002,Medium,1.0
2025-08-30,12.5,37.00000000000003,81.0,26.9,42.56787652344097,41.39195801085312,Medium,1.0
2025-08-31,0.0,37.00000000000003,71.0,28.6,33.29803525359971,35.066561185456315,Medium,1.0
2025-09-01,13.6,50.60000000000003,88.0,25.9,55.02279279279279,50.758288288288284,Medium,1.0
2025-09-02,35.8,61.90000000000003,90.0,24.9,61.50857142857143,56.53666666666666,Medium,1.0
2025-09-03,0.0,61.90000000000003,81.0,27.8,51.01190476190477,48.33333333333334,Medium,1.0
2025-09-04,22.8,84.70000000000003,83.0,26.5,61.8778120978121,55.388468468468474,Medium,1.0
2025-09-05,1.5,86.20000000000003,82.0,26.2,56.86476494212142,48.160335459485,Medium,1.0
2025-09-06,0.0,73.70000000000003,74.0,27.8,45.701415701415705,41.88384813384814,Medium,1.0
2025-09-07,16.4,90.10000000000002,86.0,26.1,65.93176470588236,58.53490196078432,Medium,1.0
2025-09-08,0.0,76.50000000000003,77.0,28.4,49.73723723723723,47.17717717717717,Medium,1.0
2025-09-09,,40.70000000000002,84.0,26.2,49.09772262254248,46.71360617906089,Medium,0.85
2025-09-10,0.0,40.70000000000003,78.0,28.2,39.31295036028824,40.08156525220176,Medium,1.0
2025-09-11,84.0,101.90000000000003,88.0,25.4,72.13533664068036,66.36606898180959,High,1.0
2025-09-12,18.6,119.00000000000004,80.0,25.6,58.140258681785966,49.961347743916846,Medium,1.0
2025-09-13,1.6,120.60000000000004,88.0,26.2,66.18642097802976,56.892494684620836,Medium,1.0
2025-09-14,0.6,104.80000000000004,77.0,28.5,54.26994330262226,50.72262697850225,Medium,1.0
2025-09-15,2.2,107.00000000000004,81.0,27.0,58.51209701551303,51.21802346641468,Medium,1.0
2025-09-16,18.5,125.50000000000004,82.0,26.6,62.913591621387525,55.64062524608238,Medium,1.0
2025-09-17,2.7,128.20000000000002,85.0,26.3,64.40860855185447,55.28335931963147,Medium,1.0
2025-09-18,,44.20000000000002,80.0,28.3,49.55884460654943,53.0472090090373,Medium,0.85
2025-09-19,0.0,25.600000000000023,77.0,27.4,28.893114491593277,28.975180144115292,Low,1.0
2025-09-20,0.0,24.000000000000025,87.0,27.1,43.04426874833201,42.48515479049908,Medium,1.0
2025-09-21,2.1,25.50000000000003,81.0,27.5,37.50558246597279,38.33215772618095,Medium,1.0
2025-09-22,0.0,23.300000000000026,82.0,27.6,37.59737790232187,38.58066453162532,Medium,1.0
2025-09-23,0.0,4.800000000000026,78.0,28.1,20.34202755905514,26.39566929133861,Low,1.0
2025-09-24,0.0,2.100000000000025,76.0,27.3,13.340051243594573,17.566210473690813,Low,1.0
2025-09-25,3.8,5.900000000000025,84.0,26.8,28.99900262467193,31.698635170603687,Low,1.0
2025-09-26,1.4,7.300000000000025,78.0,28.1,22.870531496063013,28.613622047244117,Low,1.0
2025-09-27,,7.300000000000025,91.0,25.9,37.08114610673667,39.58661417322835,Medium,0.85
2025-09-28,3.0,8.200000000000024,86.0,26.1,32.323359580052504,33.15301837270342,Medium,1.0
2025-09-29,15.4,23.600000000000023,88.0,25.5,44.39580731251668,43.07806511876167,Medium,1.0
2025-09-30,0.0,23.600000000000023,76.0,28.6,30.612315249024626,33.990128610825174,Medium,1.0
2025-10-01,0.0,23.600000000000023,83.0,26.7,36.648029534738896,35.025842896539444,Medium,1.0
2025-10-02,5.5,25.300000000000026,82.0,27.4,39.83968508139846,40.99111289031225,Medium,1.0
2025-10-03,,23.900000000000027,78.0,26.1,30.282485247457224,29.067214555958493,Low,0.85
2025-10-04,10.1,34.00000000000003,78.0,27.2,36.25524908815942,36.11295213948937,Medium,1.0
2025-10-05,0.0,31.000000000000025,92.0,25.2,46.22151054176675,42.07172404590338,Medium,1.0
2025-10-06,15.8,31.400000000000027,82.0,26.9,42.26608308869318,41.982702606529664,Medium,1.0
2025-10-07,0.8,32.200000000000024,80.0,26.6,35.258005960323814,32.485215283337794,Low,1.0
2025-10-08,17.5,49.70000000000002,78.0,27.1,43.04488416988417,41.293918918918926,Medium,1.0
2025-10-09,0.0,44.20000000000002,83.0,26.9,45.45018236811672,41.90957210212614,Medium,1.0
2025-10-10,0.0,44.20000000000002,85.0,27.1,49.00573792367227,46.02068321323727,Medium,1.0
2025-10-11,0.0,34.10000000000002,69.0,29.4,32.176789050287844,35.40470471615387,Medium,1.0
2025-10-12,7.8,41.90000000000002,93.0,25.0,53.41666800106752,48.977834267413925,Medium,1.0
2025-10-13,13.9,40.00000000000003,81.0,27.0,44.23328173650031,43.06818610443911,Medium,1.0
2025-10-14,0.0,39.20000000000002,84.0,27.1,45.50413664264745,43.1195623165199,Medium,1.0
2025-10-15,1.2,22.900000000000023,83.0,27.1,37.958916466506544,37.77190819322125,Medium,1.0
2025-10-16,0.4,23.300000000000026,86.0,26.8,41.4657112356552,40.23733119829197,Medium,1.0
2025-10-17,55.6,78.90000000000003,82.0,27.5,64.26816023166025,62.62316216216218,Medium,1.0
2025-10-18,0.0,78.90000000000003,74.0,28.3,48.76340626340627,45.8327970827971,Medium,1.0
2025-10-19,18.9,90.00000000000003,84.0,27.0,64.98141428458933,59.47521222143477,Medium,1.0
2025-10-20,0.2,76.30000000000003,86.0,26.9,60.586220506220506,53.91879879879879,Medium,1.0
2025-10-21,0.9,77.20000000000002,83.0,27.3,57.76690690690692,52.26372372372372,Medium,1.0
2025-10-22,0.0,76.00000000000001,81.0,27.6,54.92358429858431,50.25900900900902,Medium,1.0
2025-10-23,0.0,75.60000000000002,73.0,28.2,47.02702702702703,44.27606177606178,Medium,1.0
2025-10-24,0.0,20.00000000000003,77.0,27.8,27.90132105684548,29.905924739791843,Low,1.0
2025-10-25,0.2,20.200000000000028,71.0,28.6,26.652654949356315,30.478794972485936,Low,1.0
2025-10-26,0.0,1.3000000000000285,66.0,29.0,11.241876015498082,19.54590051243596,Low,1.0
2025-10-27,0.0,1.1000000000000285,71.0,29.5,14.457411573553326,23.503124609423836,Low,1.0
2025-10-28,0.0,0.2000000000000284,64.0,29.9,10.554305711786046,20.368172728408958,Low,1.0
2025-10-29,0.0,0.2000000000000284,69.0,27.8,9.621766029246372,15.824521934758181,Low,1.0
2025-10-30,0.0,0.2000000000000284,63.0,29.5,9.463035870516208,18.72134733158357,Low,1.0
2025-10-31,0.0,0.2000000000000284,67.0,29.2,11.189226346706684,20.030871141107376,Low,1.0
2025-11-01,0.0,0.0,69.0,30.0,13.214285714285715,23.214285714285715,Low,1.0
2025-11-02,30.5,30.50000000000003,82.0,28.3,47.54357263588648,52.201056400676094,Medium,1.0
2025-11-03,8.6,39.10000000000003,76.0,27.7,37.179223664646,37.817492279537916,Medium,1.0
2025-11-04,11.7,50.800000000000026,78.0,28.1,45.646309523809535,46.42333333333334,Medium,1.0
2025-11-05,0.0,50.800000000000026,73.0,28.6,39.6031746031746,39.80158730158731,Medium,1.0
2025-11-06,0.0,50.800000000000026,71.0,28.9,38.948412698412696,39.56349206349206,Medium,1.0
2025-11-07,0.0,50.800000000000026,68.0,28.1,36.05654761904762,35.38690476190477,Medium,1.0
2025-11-08,0.0,50.800000000000026,69.0,27.9,35.967261904761905,34.672619047619044,Medium,1.0
2025-11-09,0.0,20.300000000000026,68.0,28.3,24.588877451167285,27.946341199944086,Low,1.0
2025-11-10,,11.700000000000026,70.0,28.7,23.50782541071256,31.279656219443165,Low,0.85
2025-11-11,0.0,0.0,68.0,28.8,11.011904761904765,19.3452380952381,Low,1.0
2025-11-12,1.4,1.4000000000000283,71.0,28.2,13.448076490438716,20.897367829021388,Low,1.0
2025-11-13,0.0,1.4000000000000283,76.0,27.7,14.004147919010148,19.61093925759282,Low,1.0
2025-11-14,7.2,8.600000000000028,79.0,27.3,25.037209098862657,28.87460192475943,Low,1.0
2025-11-15,0.6,9.20000000000003,82.0,26.7,27.03965004374454,28.0419772528434,Low,1.0
2025-11-16,9.7,18.900000000000027,92.0,25.7,44.42096877502002,43.45434480918068,Medium,1.0
2025-11-17,0.0,18.900000000000027,89.0,25.8,40.00263544168669,37.80601147584735,Medium,1.0
2025-11-18,3.0,21.900000000000027,75.0,28.2,30.04050097220634,33.666922109115866,Medium,1.0
2025-11-19,0.5,21.00000000000003,76.0,27.8,27.96592702733616,29.950434633421036,Low,1.0
2025-11-20,4.6,25.60000000000003,77.0,27.9,32.29561449159328,34.86018014411529,Medium,1.0
2025-11-21,36.8,55.20000000000002,82.0,27.6,55.41117760617762,55.59432432432434,Medium,1.0
2025-11-22,1.4,56.00000000000002,80.0,27.4,46.548577863577854,43.4695045045045,Medium,1.0
2025-11-23,0.8,47.10000000000003,74.0,28.6,39.2684126984127,39.98396825396826,Medium,1.0
2025-11-24,0.0,47.10000000000003,78.0,28.0,41.25,40.62500000000001,Medium,1.0
2025-11-25,1.5,45.60000000000003,81.0,27.1,44.16618628235922,41.31299706431813,Medium,1.0
2025-11-26,0.5,45.60000000000003,82.0,26.7,44.15507517124811,39.990774842095895,Medium,1.0
2025-11-27,3.3,44.300000000000026,86.0,25.8,49.61576994929276,45.0287056311716,Medium,1.0
2025-11-28,,7.500000000000028,82.0,25.8,27.024642752989227,28.784931295352802,Low,0.85
2025-11-29,1.0,7.100000000000028,75.0,27.5,17.73162260967381,21.566957255343098,Low,1.0
2025-11-30,0.3,6.600000000000028,79.0,27.1,20.733517060367475,23.40112860892391,Low,1.0
2025-12-01,0.0,6.600000000000028,77.0,28.9,21.169072615923024,28.082239720035005,Low,1.0
2025-12-02,14.8,19.900000000000027,86.0,26.4,42.33462236455832,42.17123565519082,Medium,1.0
2025-12-03,24.7,44.10000000000003,84.0,26.6,50.546817009162886,48.419883017525144,Medium,1.0
2025-12-04,23.9,64.70000000000003,93.0,24.9,63.094472329472325,57.25729729729729,Medium,1.0
2025-12-05,,64.70000000000003,85.0,26.5,60.18089518089518,55.83995760466348,Medium,0.85
2025-12-06,40.4,104.10000000000002,88.0,25.0,69.6119347980156,62.31035435861091,Medium,1.0
2025-12-07,0.2,104.00000000000004,91.0,24.9,65.4376954878337,55.074553508150245,Medium,1.0
2025-12-08,15.3,119.30000000000004,97.0,24.1,72.71797661233168,63.06375029529884,Medium,1.0
2025-12-09,26.2,130.70000000000002,87.0,25.8,69.80459130640207,61.98838058114812,Medium,1.0
2025-12-10,49.6,155.60000000000002,91.0,25.4,75.78184620836286,68.36112567918734,High,1.0
2025-12-11,0.1,131.80000000000004,88.0,26.1,66.16455705173637,56.28885660288211,Medium,1.0
2025-12-12,2.3,134.10000000000002,85.0,26.4,64.68039451925348,55.45394283014411,Medium,1.0
2025-12-13,105.8,199.50000000000003,84.0,26.6,76.48401448932988,70.99992125364203,High,1.0
2025-12-14,24.4,223.70000000000005,91.0,25.3,77.20048310890621,67.22983817623435,High,1.0
2025-12-15,36.8,245.2,91.0,24.8,79.29360146468225,69.14535435861092,High,1.0
2025-12-16,18.1,237.1,98.0,23.5,80.17355067328135,68.11881880463028,High,1.0
2025-12-17,56.8,244.3,88.0,25.7,79.70744767304512,71.12114670446492,High,1.0
2025-12-18,3.6,247.8,87.0,26.2,73.87382352941177,62.726176470588236,Medium,1.0
2025-12-19,0.4,245.90000000000003,84.0,26.8,69.93994330262225,59.269293645168915,Medium,1.0
2025-12-20,2.2,142.3,80.0,27.7,60.77051795416962,54.89961256791873,Medium,1.0
2025-12-21,15.5,133.4,87.0,26.7,69.88294157020238,62.54778132136389,Medium,1.0
2025-12-22,20.0,116.60000000000004,88.0,26.0,69.14351523742027,61.43379399952752,Medium,1.0
2025-12-23,2.5,101.00000000000004,83.0,27.2,61.83329396015434,55.261083549885825,Medium,1.0
2025-12-24,0.0,44.20000000000003,82.0,27.4,45.33907125700561,43.18734987990392,Medium,1.0
2025-12-25,0.4,41.00000000000003,81.0,28.0,44.59304643714973,44.78063250600481,Medium,1.0
2025-12-26,8.8,49.40000000000003,85.0,25.9,51.2466924066924,46.77801801801802,Medium,1.0
2025-12-27,,47.20000000000002,87.0,26.5,56.285750035750034,53.70296767355591,Medium,0.85
2025-12-28,1.2,32.90000000000003,92.0,25.8,47.96211902855618,44.324149986655996,Medium,1.0
2025-12-29,16.4,29.30000000000003,88.0,26.1,47.31096610621831,45.87534294101949,Medium,1.0
2025-12-30,0.0,26.80000000000003,88.0,26.1,42.790165465705904,39.894782492660795,Medium,1.0
2025-12-31,7.6,34.40000000000003,80.0,27.1,39.5542660795303,38.91948625567122,Medium,1.0
2026-01-01,19.2,53.20000000000003,82.0,26.8,50.68934362934364,47.880540540540544,Medium,1.0
2026-01-02,5.5,49.90000000000003,94.0,24.6,56.38423423423424,50.56396396396397,Medium,1.0
2026-01-03,88.4,138.30000000000004,84.0,25.5,70.29444554689346,64.05157854949209,Medium,1.0
2026-01-04,0.0,137.10000000000005,80.0,26.7,56.7014627135995,47.60074612174187,Medium,1.0
2026-01-05,0.0,120.70000000000005,78.0,26.8,52.26066028821168,43.72829553508151,Medium,1.0
2026-01-06,0.0,120.70000000000005,81.0,27.2,58.99677139932278,51.575517757303736,Medium,1.0
2026-01-07,0.0,113.10000000000004,90.0,25.7,65.9368060477203,56.03909756673754,Medium,1.0
2026-01-08,11.5,105.40000000000003,88.0,25.9,67.26537916371367,59.10409874793291,Medium,1.0
2026-01-09,0.0,99.90000000000003,79.0,26.3,51.90721710370895,42.74338530592961,Medium,1.0
2026-01-10,42.7,54.20000000000003,86.0,26.1,58.22109395109396,55.337432432432436,Medium,1.0
2026-01-11,0.2,54.400000000000034,82.0,26.4,46.345444015444016,40.597477477477476,Medium,1.0
2026-01-12,3.0,57.400000000000034,83.0,26.5,50.01402831402831,44.619819819819824,Medium,1.0
2026-01-13,25.9,83.30000000000003,81.0,26.4,58.65402831402832,52.37148648648648,Medium,1.0
2026-01-14,0.0,83.30000000000003,76.0,27.2,48.05609180609181,41.50632775632776,Medium,1.0
2026-01-15,13.0,84.80000000000003,80.0,26.8,56.65498712998713,50.38265765765767,Medium,1.0
2026-01-16,40.4,125.20000000000005,84.0,26.2,67.60809591306402,60.93266713914481,Medium,1.0
2026-01-17,0.9,83.40000000000003,83.0,27.4,60.03953667953669,54.215675675675676,Medium,1.0
2026-01-18,3.0,86.20000000000003,79.0,27.6,55.58976494212143,50.56033545948501,Medium,1.0
2026-01-19,2.1,85.30000000000003,80.0,26.9,54.86697340197341,47.71082582582582,Medium,1.0
2026-01-20,0.0,59.400000000000034,75.0,26.9,38.997211497211495,33.92106392106391,Medium,1.0
2026-01-21,0.0,59.400000000000034,77.0,26.3,38.79086229086229,32.43693693693694,Low,1.0
2026-01-22,0.0,46.400000000000034,74.0,26.6,33.390410741291454,28.752255772872278,Low,1.0
2026-01-23,0.0,6.000000000000028,75.0,26.2,13.40298087739034,14.235658042744667,Low,1.0
2026-01-24,0.0,5.100000000000028,71.0,26.9,11.912573428321473,14.31896012998376,Low,1.0
2026-01-25,0.0,2.1000000000000285,78.0,26.1,13.1952099737533,14.86581364829398,Low,1.0
2026-01-26,0.0,0.0,77.0,26.3,9.833333333333334,12.166666666666668,Low,1.0
2026-01-27,0.0,0.0,75.0,26.8,9.761904761904766,13.0952380952381,Low,1.0
2026-01-28,0.0,0.0,75.0,26.9,10.039682539682538,13.650793650793647,Low,1.0
2026-01-29,3.2,3.2000000000000286,90.0,25.7,30.633018372703432,32.35044619422573,Low,1.0
2026-01-30,3.0,6.200000000000029,83.0,26.7,27.137445319335093,29.32843394575679,Low,1.0
2026-01-31,0.0,6.200000000000029,81.0,26.8,23.21522309711288,25.083989501312352,Low,1.0
2026-02-01,59.5,65.70000000000003,83.0,26.2,58.61455598455599,55.25918918918919,Medium,1.0
2026-02-02,,65.70000000000003,79.0,26.5,49.70506220506221,44.63434022257552,Medium,0.85
2026-02-03,,65.70000000000003,74.0,26.5,43.752681252681256,38.33181921417216,Medium,0.85
2026-02-04,,65.70000000000003,73.0,27.6,46.62966537966539,45.054508289802435,Medium,0.85
2026-02-05,0.0,62.50000000000003,76.0,27.3,41.6414628914629,37.37719862719864,Medium,1.0
2026-02-06,2.7,62.20000000000003,83.0,26.7,51.99398541398542,46.63201201201201,Medium,1.0
2026-02-07,0.0,62.20000000000003,82.0,25.6,48.108429858429865,40.90090090090091,Medium,1.0
2026-02-08,0.4,3.1000000000000285,86.0,25.7,26.93427821522312,28.11532808398951,Low,1.0
2026-02-09,,3.1000000000000285,79.0,26.3,17.80475357247013,20.735680098811194,Low,0.85
2026-02-10,,3.1000000000000285,77.0,27.4,16.601049868766424,22.598425196850407,Low,0.85
2026-02-11,0.0,3.1000000000000285,78.0,27.5,17.128444881889788,21.708661417322855,Low,1.0
2026-02-12,6.5,9.600000000000028,75.0,28.0,23.06262654668168,28.7699100112486,Low,1.0
2026-02-13,,6.900000000000028,81.0,27.4,28.25896762904638,33.886058360352024,Medium,0.85
2026-02-14,2.2,9.100000000000028,83.0,25.5,27.712020997375333,27.669081364829403,Low,1.0
2026-02-15,11.0,19.700000000000028,92.0,25.2,44.49789164665066,43.105190819322125,Medium,1.0
2026-02-16,0.6,20.30000000000003,93.0,25.0,42.63641713370696,39.72499199359488,Medium,1.0
2026-02-17,14.6,34.90000000000003,87.0,25.7,48.35442620763277,45.792931678676275,Medium,1.0
2026-02-18,,34.90000000000003,86.0,26.5,50.12899208255493,48.919135308246595,Medium,0.85
2026-02-19,6.5,34.90000000000003,83.0,24.3,40.98275954096611,36.71459834534294,Medium,1.0
2026-02-20,0.6,35.50000000000003,81.0,26.5,38.09628502802242,34.60939951961569,Medium,1.0
2026-02-21,,33.300000000000026,76.0,27.3,34.62454266764382,35.34310174563556,Medium,0.85
2026-02-22,,22.30000000000003,84.0,26.4,41.09858256975951,41.039733747782535,Medium,0.85
2026-02-23,13.2,34.90000000000003,81.0,27.0,42.09831509652167,41.49904278978739,Medium,1.0
2026-02-24,,20.30000000000003,81.0,27.5,38.42657459300774,41.899990580699864,Medium,0.85
2026-02-25,0.0,20.300000000000026,77.0,28.7,29.965861578151408,33.87888088248376,Medium,1.0
2026-02-26,54.6,68.40000000000003,79.0,27.0,54.17617074217074,52.10107507507509,Medium,1.0
2026-02-27,0.2,68.00000000000003,72.0,28.1,43.81351029601031,41.5236357786358,Medium,1.0
2026-02-28,0.0,68.00000000000003,70.0,28.5,43.39124839124839,41.79054054054054,Medium,1.0
2026-03-01,0.0,68.00000000000003,70.0,29.3,44.5023595023595,44.01276276276277,Medium,1.0
2026-03-02,0.0,54.80000000000003,80.0,27.2,45.04692192192192,41.24812312312313,Medium,1.0
2026-03-03,0.0,54.80000000000003,83.0,26.9,49.08858858858859,44.45645645645645,Medium,1.0
2026-03-04,2.4,57.20000000000003,82.0,27.3,50.43190047190048,47.15921921921923,Medium,1.0
2026-03-05,0.0,2.6000000000000285,75.0,28.1,15.663315523059644,22.23664229471319,Low,1.0
2026-03-06,1.3,3.7000000000000286,76.0,27.6,16.022671541057395,21.0336557930259,Low,1.0
2026-03-07,0.8,4.500000000000028,74.0,28.1,16.943664229471338,23.228172103487086,Low,1.0
2026-03-08,0.0,4.500000000000028,74.0,27.8,15.686164229471338,20.873172103487086,Low,1.0
2026-03-09,0.0,4.500000000000028,75.0,28.2,17.47187851518562,23.90888638920136,Low,1.0
2026-03-10,0.0,4.500000000000028,72.0,28.1,15.552235658042768,21.676743532058516,Low,1.0
2026-03-11,0.0,2.1000000000000285,70.0,27.6,11.028543307086643,16.15748031496066,Low,1.0
2026-03-12,0.0,2.1000000000000285,70.0,28.1,12.59104330708664,19.282480314960658,Low,1.0
2026-03-13,0.0,0.8000000000000285,77.0,28.1,15.317421259842549,22.31594488188979,Low,1.0
2026-03-14,,0.0,89.0,25.9,29.30555555555556,33.38235294117647,Medium,0.85
2026-03-15,13.7,13.700000000000028,87.0,26.3,39.40573490813649,40.082847769028874,Medium,1.0
2026-03-16,11.4,25.10000000000003,78.0,27.3,33.14350991904635,34.43451249888801,Medium,1.0
2026-03-17,0.0,25.10000000000003,87.0,26.5,41.81795436349079,39.46006805444355,Medium,1.0
2026-03-18,1.5,26.60000000000003,81.0,28.0,39.26843474779824,41.40540432345877,Medium,1.0
2026-03-19,7.6,34.20000000000003,81.0,27.8,43.43253536162264,44.90510808646919,Medium,1.0
2026-03-20,7.0,41.20000000000003,86.0,26.4,49.82144382172405,46.58001067520683,Medium,1.0
2026-03-21,11.6,52.800000000000026,91.0,25.6,57.08897683397683,52.22878378378378,Medium,1.0
2026-03-22,28.4,67.50000000000003,76.0,27.9,49.93049227799228,49.44388030888031,Medium,1.0
2026-03-23,0.0,56.10000000000002,76.0,28.2,42.36003861003861,41.49131274131274,Medium,1.0
2026-03-24,0.0,56.10000000000002,77.0,28.3,43.03464178464179,42.30480480480481,Medium,1.0
2026-03-25,0.0,54.60000000000002,77.0,28.2,42.41312741312741,41.68918918918919,Medium,1.0
2026-03-26,10.0,57.00000000000003,78.0,28.2,47.72699485199485,48.10472972972973,Medium,1.0
2026-03-27,0.0,50.00000000000003,81.0,28.1,48.12057593307594,47.52815315315316,Medium,1.0
2026-03-28,2.5,40.90000000000003,84.0,27.5,48.33051441152922,47.38761008807047,Medium,1.0
2026-03-29,50.2,62.70000000000003,84.0,26.9,60.13841613041613,58.24773573573573,Medium,1.0
2026-03-30,1.3,64.00000000000003,86.0,26.1,55.624247104247104,48.91963963963965,Medium,1.0
2026-03-31,15.8,79.80000000000004,83.0,27.3,61.68345774345775,57.46930930930932,Medium,1.0
2026-04-01,0.0,79.80000000000004,93.0,25.6,64.14623552123552,55.23986486486487,Medium,1.0
2026-04-02,2.0,71.80000000000004,83.0,28.5,59.66389961389962,58.09639639639639,Medium,1.0
2026-04-03,6.7,78.50000000000003,78.0,28.8,55.03796010296011,53.953738738738735,Medium,1.0
2026-04-04,6.4,82.40000000000003,83.0,27.1,60.71111969111969,55.063783783783805,Medium,1.0
2026-04-05,0.0,32.20000000000003,77.0,27.6,32.16022818254605,32.07465972778225,Low,1.0
2026-04-06,42.8,73.70000000000003,81.0,27.8,61.08855855855857,60.410990990991,Medium,1.0
2026-04-07,,57.900000000000034,78.0,28.0,49.6943371943372,50.65580286168522,Medium,0.85
2026-04-08,0.5,58.400000000000034,75.0,28.4,43.04212784212784,42.329172029172035,Medium,1.0
2026-04-09,15.7,72.10000000000004,87.0,26.2,61.84542471042472,55.89563063063063,Medium,1.0
2026-04-10,0.0,65.40000000000003,75.0,28.5,45.23326898326899,43.88352638352639,Medium,1.0
2026-04-11,52.0,111.00000000000004,81.0,27.3,65.78166942278921,62.35005748484133,Medium,1.0
2026-04-12,0.0,111.00000000000004,81.0,28.6,62.03500275612253,58.39672415150799,Medium,1.0
2026-04-13,0.0,68.20000000000005,86.0,26.7,57.34448734448736,50.86336336336337,Medium,1.0
2026-04-14,,68.20000000000005,86.0,27.2,65.2593069259736,63.107224871930754,Medium,0.85
2026-04-15,21.4,89.10000000000004,88.0,26.2,67.82603827072998,60.84022678951098,Medium,1.0
2026-04-16,,73.40000000000003,85.0,27.7,67.11059273559273,66.23343932167462,High,0.85
2026-04-17,0.1,73.50000000000003,80.0,27.8,52.9092084942085,49.13094594594596,Medium,1.0
2026-04-18,0.0,21.50000000000004,79.0,27.7,31.939301441152928,33.45126100880705,Medium,1.0
2026-04-19,42.6,64.10000000000004,85.0,27.2,62.17419991419992,60.60771771771771,Medium,1.0
2026-04-20,7.1,71.20000000000003,96.0,25.1,65.1175160875161,57.76459459459461,Medium,1.0
2026-04-21,24.3,95.50000000000004,89.0,26.0,68.95235412237184,61.83148121899362,Medium,1.0
2026-04-22,15.3,89.40000000000003,84.0,27.3,65.29931175683124,60.39707378533743,Medium,1.0
2026-04-23,0.0,89.40000000000003,81.0,28.3,60.34264509016457,56.67040711867077,Medium,1.0
2026-04-24,0.0,89.30000000000004,79.0,29.0,57.55896133553824,54.860717379321216,Medium,1.0
2026-04-25,0.0,89.30000000000004,89.0,27.0,65.96173911331601,58.54127293487677,Medium,1.0
2026-04-26,42.5,89.20000000000005,86.0,27.1,70.60861091424522,66.59269430663834,High,1.0
2026-04-27,3.4,85.50000000000004,83.0,27.2,61.1596567996568,55.07753753753754,Medium,1.0
2026-04-28,0.8,62.00000000000004,77.0,28.7,45.80852423852424,45.22474474474475,Medium,1.0
2026-04-29,0.0,46.700000000000045,88.0,26.5,51.08987189751802,46.13791032826261,Medium,1.0
2026-04-30,3.0,49.700000000000045,82.0,28.0,50.411550836550845,50.135585585585595,Medium,1.0
2026-05-01,69.0,118.70000000000005,92.0,26.0,75.52754075124025,69.66061185920152,High,1.0
2026-05-02,5.0,123.70000000000005,80.0,28.1,62.04200626033546,58.310654382234844,Medium,1.0
2026-05-03,0.2,81.40000000000005,83.0,27.3,58.83825825825826,52.789669669669685,Medium,1.0
2026-05-04,,78.00000000000004,87.0,26.7,67.91404499737834,63.17125949478892,Medium,0.85
2026-05-05,62.0,139.20000000000005,83.0,27.4,71.12493267186393,67.67145287030475,High,1.0
2026-05-06,3.5,142.70000000000005,91.0,26.0,69.95997519489724,60.48781596976141,Medium,1.0
2026-05-07,13.2,152.90000000000003,86.0,27.5,72.35988483345145,66.7828360500827,High,1.0
2026-05-08,0.6,84.50000000000004,91.0,26.7,65.9540175890176,58.01953453453454,Medium,1.0
2026-05-09,72.5,152.00000000000006,81.0,27.8,70.55089770848099,68.3306283959367,High,1.0
2026-05-10,,151.80000000000007,82.0,28.4,72.96318170284624,71.79754774576969,High,0.85
2026-05-11,23.0,174.80000000000007,88.0,26.9,74.40857154106624,67.34544452319079,High,1.0
2026-05-12,34.7,147.50000000000006,82.0,28.6,71.16068430585085,69.61070123631782,High,1.0
2026-05-13,2.8,146.80000000000004,84.0,26.8,65.04712024568865,56.612317505315374,Medium,1.0
2026-05-14,0.0,133.60000000000005,82.0,28.0,63.68919796834397,58.469938577840786,Medium,1.0
2026-05-15,42.5,175.50000000000003,93.0,25.8,77.83046893456178,70.0354949208599,High,1.0
2026-05-16,2.2,105.20000000000005,85.0,26.9,64.12801165446099,56.588052602567124,Medium,1.0
2026-05-17,0.0,105.20000000000005,87.0,28.1,68.94940054334988,64.54583038034492,Medium,1.0
2026-05-18,,82.20000000000005,81.0,28.9,66.40628723962058,67.47041158805865,High,0.85
2026-05-19,0.0,47.50000000000004,76.0,29.7,41.676319176319176,43.72104247104247,Medium,1.0
2026-05-20,0.0,44.700000000000045,,,40.06538564184682,33.65492393915134,Medium,0.5
2026-05-21,0.8,45.50000000000004,,,41.13247931678677,35.06328262610089,Medium,0.5
2026-05-22,0.0,3.000000000000042,75.2,29.2,17.786807899012658,25.9670353705787,Low,1.0
2026-05-23,0.0,0.8000000000000427,68.0,29.9,13.169603799525088,22.84173853268343,Low,1.0
2026-05-24,3.6,4.400000000000043,78.5,27.7,21.15456692913389,26.77269685039372,Low,1.0
2026-05-25,2.0,6.400000000000043,69.5,29.2,18.210401824771928,25.987479690038764,Low,1.0
2026-05-26,0.0,6.400000000000043,70.8,29.3,18.24571928508939,25.761686039245113,Low,1.0
2026-05-27,0.0,6.400000000000043,70.5,29.2,17.946116110486216,25.323193975753046,Low,1.0
2026-05-28,0.0,5.600000000000042,78.0,28.9,22.256671041119883,29.406058617672805,Low,1.0
2026-05-29,0.0,5.600000000000042,71.2,29.8,18.524528183977036,26.923915760529955,Low,1.0
2026-05-30,27.6,33.200000000000045,82.8,28.0,48.770548438751,52.19488390712571,Medium,1.0
2026-05-31,0.0,29.600000000000044,76.2,29.3,34.09360186561949,37.72306098847333,Medium,1.0
2026-06-01,26.5,54.10000000000005,79.2,27.7,49.46475225225227,49.55157657657659,Medium,1.0
2026-06-02,19.6,73.70000000000005,,,62.50870870870872,58.82198198198199,Medium,0.5
2026-06-03,,73.70000000000005,78.8,29.1,59.09284284284285,61.01881293057764,Medium,0.85
2026-06-04,16.4,90.10000000000004,78.8,29.0,60.7512091503268,59.7987908496732,Medium,1.0
2026-06-05,0.0,90.10000000000004,78.5,29.6,57.50204248366013,55.62295751633987,Medium,1.0
2026-06-06,0.0,62.50000000000004,76.0,29.6,46.36368511368512,46.82164307164308,Medium,1.0
2026-06-07,0.0,62.50000000000004,86.8,27.6,58.57995495495496,55.218468468468494,Medium,1.0
2026-06-08,4.3,40.30000000000004,80.8,28.7,46.81726670225069,49.18836446935325,Medium,1.0
2026-06-09,0.2,20.90000000000004,72.2,28.6,27.575736271556945,31.317809040883514,Low,1.0
2026-06-10,71.2,92.10000000000004,79.5,27.6,63.52371757618711,61.71375230333099,Medium,1.0
2026-06-11,0.0,75.70000000000003,81.8,27.6,56.027059202059206,51.39144144144146,Medium,1.0
2026-06-12,13.2,88.90000000000005,81.5,27.6,62.14255965036618,58.01195842192301,Medium,1.0
2026-06-13,0.0,88.90000000000003,81.5,28.5,61.34089298369951,57.95529175525633,Medium,1.0
2026-06-14,0.0,88.90000000000003,82.2,27.8,60.72422631703285,55.671958421923,Medium,1.0
2026-06-15,1.4,86.00000000000003,76.8,28.0,52.33081013128143,48.234924234754146,Medium,1.0
2026-06-16,,85.80000000000004,77.5,27.6,57.23804161304164,54.00437201907793,Medium,0.85
2026-06-17,0.0,14.600000000000042,82.2,26.9,31.90717410323711,32.069466316710425,Low,1.0
2026-06-18,35.6,50.200000000000045,82.0,26.7,51.11298155298155,49.14930930930932,Medium,1.0
2026-06-19,0.0,37.00000000000004,77.8,28.5,37.87343207899654,39.50306912196424,Medium,1.0
2026-06-20,64.5,101.50000000000004,83.5,26.5,67.24837939995275,62.01286557996693,Medium,1.0
2026-06-21,10.5,112.00000000000004,,,69.61973383731002,62.85390975667376,Medium,0.5
2026-06-22,19.6,130.20000000000005,82.5,27.0,65.19895031104812,59.027154106622575,Medium,1.0
2026-06-23,,130.20000000000005,78.0,28.2,63.32043861721395,61.71103097511152,Medium,0.85
2026-06-24,0.0,130.20000000000005,93.0,25.6,68.73839475549255,58.454376328844795,Medium,1.0
2026-06-25,33.0,127.60000000000004,83.2,27.1,67.7265060240964,62.555220883534155,Medium,1.0
2026-06-26,0.0,127.60000000000004,81.0,27.9,61.52233935742972,56.09688755020081,Medium,1.0
