Date,RR,Rain7,RH_avg,Tavg,FRI_v2,FRI_v3,Risk_Class_v3,Confidence_v3
2024-07-01,0.1,0.1,81.0,27.4,20.118740157480318,25.139370078740157,Low,1.0
2024-07-02,0.0,0.1,77.0,27.9,14.141240157480317,22.695620078740152,Low,1.0
2024-07-03,2.1,2.2,74.0,28.6,16.52069616297963,28.015744906886642,Low,1.0
2024-07-04,0.0,2.2,73.0,27.6,12.714426321709793,19.392927446569196,Low,1.0
2024-07-05,0.0,2.2,78.0,27.3,15.829505686789156,20.484197287839034,Low,1.0
2024-07-06,0.8,3.0,79.0,27.4,18.932204724409445,23.85610236220472,Low,1.0
2024-07-07,2.5,5.5,75.0,27.9,18.321780089988746,26.428747187851513,Low,1.0
2024-07-08,,5.4,,,8.503937007874002,8.503937007874002,Low,0.25
2024-07-09,1.6,7.0,87.0,26.9,32.887922134733145,32.65451662292212,Low,1.0
2024-07-10,1.5,6.4,86.0,26.1,30.306036745406814,28.186351706036746,Low,1.0
2024-07-11,,6.4,74.0,27.6,18.39691913510811,28.657199100112507,Low,0.75
2024-07-12,0.0,6.4,86.0,26.4,29.956036745406813,27.31135170603674,Low,1.0
2024-07-13,17.3,22.9,79.0,28.7,38.39669424428431,46.61723601103104,Medium,1.0
2024-07-14,0.0,20.4,82.0,27.0,34.700338048216345,30.627946801885955,Low,1.0
2024-07-15,0.0,20.4,78.0,27.6,29.311449159327463,29.030724579663747,Low,1.0
2024-07-16,0.0,18.8,77.0,27.9,27.733436749399505,29.491718374699747,Low,1.0
2024-07-17,0.0,17.3,72.0,28.5,25.8085516031873,30.344751992069842,Low,1.0
2024-07-18,0.6,17.900000000000002,77.0,27.9,27.61314851881504,29.911574259407516,Low,1.0
2024-07-19,0.0,17.900000000000002,77.0,28.6,28.8662040743706,33.044213148296414,Medium,1.0
2024-07-20,0.0,0.6,74.0,29.1,15.115298087739031,27.02193475815524,Low,1.0
2024-07-21,0.0,0.6,75.0,29.0,15.512123484564428,27.12114110736158,Low,1.0
2024-07-22,0.0,0.6,75.0,29.2,15.789901262342209,27.815585551806024,Low,1.0
2024-07-23,0.0,0.6,71.0,29.7,14.34148856392951,27.765982377202846,Low,1.0
2024-07-24,0.0,0.6,69.0,29.9,13.547837770278711,27.567569678790147,Low,1.0
2024-07-25,0.0,0.0,71.0,29.2,13.174603174603176,25.793650793650794,Low,1.0
2024-07-26,0.0,0.0,75.0,28.1,13.616071428571436,23.325892857142875,Low,1.0
2024-07-27,0.0,0.0,72.0,28.9,13.293650793650793,25.198412698412696,Low,1.0
2024-07-28,0.0,0.0,72.0,29.2,13.71031746031746,26.240079365079364,Low,1.0
2024-07-29,0.0,0.0,74.0,29.0,14.503968253968251,26.438492063492063,Low,1.0
2024-07-30,0.0,0.0,76.0,28.6,15.019841269841272,25.942460317460327,Low,1.0
2024-07-31,0.3,0.3,91.0,25.0,27.231220472440945,24.897276902887143,Low,1.0
2024-08-01,27.0,27.3,79.0,28.0,39.8986589271417,46.849329463570854,Medium,1.0
2024-08-02,0.0,27.3,79.0,28.4,36.101436704919486,37.3562739080153,Medium,1.0
2024-08-03,0.0,27.3,75.0,29.0,32.11334146682424,35.421750098491486,Medium,1.0
2024-08-04,7.0,34.3,86.0,26.4,47.05923405390978,40.396283693621555,Medium,1.0
2024-08-05,,34.3,83.0,26.9,46.096679812986174,45.28763751742133,Medium,0.75
2024-08-06,,34.3,80.0,28.0,44.30655635619605,50.75060048038431,Medium,0.75
2024-08-07,24.1,58.10000000000001,88.0,26.6,59.47703131703131,52.03073788073789,Medium,1.0
2024-08-08,,31.100000000000005,82.0,27.7,45.591528778578414,50.521583933813716,Medium,0.75
2024-08-09,0.0,31.1,82.0,27.0,38.98376478960946,32.769660172582505,Low,1.0
2024-08-10,,31.1,80.0,28.1,43.2304176674673,50.9382506004804,Medium,0.75
2024-08-11,,24.1,80.0,28.6,41.08132184760153,51.96360792337574,Medium,0.75
2024-08-12,,24.1,75.0,28.4,33.332203681816694,43.59720580697362,Medium,0.75
2024-08-13,0.0,24.1,78.0,28.0,32.04263410728582,32.89631705364292,Low,1.0
2024-08-14,0.0,0.0,76.0,28.0,13.839285714285715,22.991071428571434,Low,1.0
2024-08-15,0.0,0.0,83.0,27.8,24.250000000000004,30.625000000000014,Low,1.0
2024-08-16,1.2,1.2,96.0,25.6,31.924881889763785,30.005774278215227,Low,1.0
2024-08-17,49.7,50.900000000000006,82.0,27.7,55.63015122265122,59.13007561132561,Medium,1.0
2024-08-18,,50.900000000000006,84.0,27.7,57.40016802516802,58.94010081510081,Medium,0.75
2024-08-19,11.6,62.50000000000001,76.0,29.1,48.54924066924068,49.85604890604891,Medium,1.0
2024-08-20,3.6,66.10000000000001,88.0,25.8,58.21992277992277,43.739961389961394,Medium,1.0
2024-08-21,0.4,66.5,86.0,26.6,56.67973401973401,41.71542256542257,Medium,1.0
2024-08-22,,66.5,82.0,27.6,59.29661804661804,57.91130416130418,Medium,0.75
2024-08-23,0.0,65.3,90.0,25.7,57.68918918918917,40.84459459459458,Medium,1.0
2024-08-24,8.9,24.5,87.0,25.9,43.59776220976781,38.54721443821723,Medium,1.0
2024-08-25,0.3,24.8,83.0,26.5,36.692858286629296,29.586429143314646,Low,1.0
2024-08-26,0.0,13.2,81.0,26.9,29.004811898512667,26.724628171478553,Low,1.0
2024-08-27,0.0,9.6,83.0,26.9,29.17016622922133,27.807305336832883,Low,1.0
2024-08-28,0.0,9.2,75.0,27.6,19.2976659167604,23.04169010123736,Low,1.0
2024-08-29,,9.2,76.0,28.7,24.89202738546569,39.88230637836936,Medium,0.75
2024-08-30,0.0,9.2,73.0,28.5,20.51790401199849,27.877999625046865,Low,1.0
2024-08-31,0.0,0.3,73.0,28.8,13.926696662917138,25.415729283839525,Low,1.0
2024-09-01,,0.0,75.0,28.9,16.55643738977072,35.38359788359788,Medium,0.75
2024-09-02,15.5,15.5,80.0,29.2,37.618613298337685,47.76208442694662,Medium,1.0
2024-09-03,13.0,28.5,80.0,27.1,37.912376567921,37.797854950627176,Medium,1.0
2024-09-04,0.5,29.0,88.0,25.8,43.62087002935681,33.9604350146784,Medium,1.0
2024-09-05,,29.0,78.0,28.9,39.55713953879152,50.493542982534166,Medium,0.75
2024-09-06,0.1,29.1,80.0,28.2,38.45923538831064,38.68461769415532,Medium,1.0
2024-09-07,,29.1,73.0,29.9,36.68054372951623,50.68557491495841,Medium,0.75
2024-09-08,8.3,37.4,76.0,28.7,38.715623673542,42.94812929708846,Medium,1.0
2024-09-09,0.0,21.9,85.0,26.8,39.24526287696823,33.289298105150785,Medium,1.0
2024-09-10,4.8,13.7,82.0,27.1,33.37406824146981,34.360367454068246,Medium,1.0
2024-09-11,0.1,13.3,88.0,26.6,37.04021872265966,32.07233158355206,Low,1.0
2024-09-12,8.2,21.5,87.0,26.1,42.47013477448625,38.13006738724312,Medium,1.0
2024-09-13,0.0,21.4,74.0,28.2,28.10462655838956,31.016598993480493,Low,1.0
2024-09-14,,21.4,81.0,27.2,37.951348733307626,41.2893277585031,Medium,0.75
2024-09-15,1.6,14.7,81.0,27.6,32.83980314960629,33.949901574803164,Medium,1.0
2024-09-16,0.4,15.1,77.0,27.5,24.86226377952754,25.876131889763784,Low,1.0
2024-09-17,0.0,10.3,84.0,26.7,30.66579177602798,27.9440069991251,Low,1.0
2024-09-18,,10.2,76.0,28.0,24.300868641419807,36.00909261342332,Medium,0.75
2024-09-19,0.8,2.8000000000000003,74.0,28.4,16.195359330083733,26.257520934883136,Low,1.0
2024-09-20,,2.8000000000000003,75.0,28.8,18.851810190392865,36.3904511936008,Medium,0.75
2024-09-21,0.1,2.9000000000000004,72.0,28.7,15.339337582802145,25.745700537432818,Low,1.0
2024-09-22,0.0,1.3,71.0,29.5,14.614891888513936,27.34712848393951,Low,1.0
2024-09-23,0.0,0.9,82.0,28.2,24.708661417322837,32.85433070866142,Low,1.0
2024-09-24,1.4,2.3,79.0,26.7,16.676579177602797,19.319400699912507,Low,1.0
2024-09-25,0.0,2.3,76.0,28.5,16.691976002999624,26.500749906261717,Low,1.0
2024-09-26,1.5,3.0,89.0,24.7,28.33720472440944,25.493602362204726,Low,1.0
2024-09-27,0.8,3.8,79.0,27.9,21.12462598425196,28.077312992125975,Low,1.0
2024-09-28,0.0,3.7,86.0,26.8,28.746719160104984,28.540026246719165,Low,1.0
2024-09-29,4.1,7.799999999999999,78.0,28.6,25.21228783902012,35.122255030621176,Medium,1.0
2024-09-30,,7.799999999999999,77.0,28.3,23.64513463594828,37.890784485272675,Medium,0.75
2024-10-01,0.0,6.399999999999999,82.0,26.8,24.872703412073484,24.603018372703414,Low,1.0
2024-10-02,,6.399999999999999,78.0,28.7,25.120905025760656,41.09106153397491,Medium,0.75
2024-10-03,2.0,6.899999999999999,85.0,26.9,30.844181977252838,31.24431321084863,Low,1.0
2024-10-04,2.5,8.599999999999998,87.0,26.7,33.95220909886263,32.795548993875755,Low,1.0
2024-10-05,,8.599999999999998,85.0,26.8,34.561096529600455,38.958880139982504,Medium,0.75
2024-10-06,24.2,28.7,82.0,27.3,43.27632950805088,45.42260919846989,Medium,1.0
2024-10-07,0.0,28.7,75.0,28.5,31.97934538106675,33.96586316672385,Medium,1.0
2024-10-08,0.0,28.7,91.0,26.8,46.59244061916199,38.50455364291433,Medium,1.0
2024-10-09,13.3,42.0,79.0,28.4,45.09281113779912,48.06529445778844,Medium,1.0
2024-10-10,0.0,40.0,85.0,26.9,46.76883729205585,37.60664086825014,Medium,1.0
2024-10-11,11.7,49.2,84.0,27.7,54.00650900900901,51.16492117117117,Medium,1.0
2024-10-12,20.3,69.5,85.0,27.1,61.40387387387386,54.09527027027028,Medium,1.0
2024-10-13,0.7,46.0,87.0,26.7,51.02020327373008,39.88954608130948,Medium,1.0
2024-10-14,43.0,89.0,82.0,28.1,67.66763229388141,66.30881614694071,High,1.0
2024-10-15,1.0,90.0,82.0,26.9,58.25030317347822,42.647373808961326,Medium,1.0
2024-10-16,1.2,77.9,79.0,28.3,54.27879879879878,47.127177177177174,Medium,1.0
2024-10-17,0.0,77.9,81.0,27.9,56.47240990990989,46.361204954954935,Medium,1.0
2024-10-18,23.5,89.7,83.0,26.1,62.23814079848807,50.15240373257737,Medium,1.0
2024-10-19,0.3,69.7,74.0,27.8,44.534414414414414,36.97149292149293,Medium,1.0
2024-10-20,1.5,70.5,75.0,28.1,46.74502895752896,41.090371621621635,Medium,1.0
2024-10-21,0.0,27.5,75.0,29.4,32.74896107362079,36.85067101300087,Medium,1.0
2024-10-22,0.0,26.5,70.0,29.8,30.22562494439996,35.80725691664443,Medium,1.0
2024-10-23,0.0,25.3,71.0,29.6,30.00317714489051,35.31904888990558,Medium,1.0
2024-10-24,0.0,25.3,74.0,29.6,31.61032000203336,36.65833460419129,Medium,1.0
2024-10-25,0.0,1.8,72.0,28.5,14.155418072740906,24.518185226846644,Low,1.0
2024-10-26,0.0,1.5,72.0,29.0,14.613642044744406,26.136186101737284,Low,1.0
2024-10-27,0.0,0.0,68.0,29.7,12.26190476190476,26.19047619047619,Low,1.0
2024-10-28,0.0,0.0,66.0,29.5,10.912698412698411,24.603174603174608,Low,1.0
2024-10-29,0.0,0.0,71.0,30.0,14.285714285714286,28.571428571428573,Low,1.0
2024-10-30,53.6,53.6,75.0,28.1,47.851448519948526,54.73158140283142,Medium,1.0
2024-10-31,0.0,53.6,79.0,27.5,43.65387709137709,36.201938545688556,Medium,1.0
2024-11-01,38.4,92.0,80.0,27.5,62.13481159933853,57.74740579966928,Medium,1.0
2024-11-02,4.2,96.2,88.0,26.4,65.95202929364517,49.086014646822576,Medium,1.0
2024-11-03,0.0,96.2,78.0,28.8,55.81369596031183,47.69851464682259,Medium,1.0
2024-11-04,12.4,108.6,84.0,26.2,63.57437042286794,48.7605185447673,Medium,1.0
2024-11-05,6.0,114.6,87.0,26.2,66.70039570044885,49.82519785022442,Medium,1.0
2024-11-06,3.3,64.3,82.0,27.2,52.79854997854997,43.42816387816388,Medium,1.0
2024-11-07,44.1,108.4,90.0,25.2,71.6525584691708,59.81294590125206,Medium,1.0
2024-11-08,1.2,71.19999999999999,84.0,26.6,55.51196053196053,40.77153582153583,Medium,1.0
2024-11-09,0.0,67.0,79.0,27.8,48.90283140283141,40.70141570141571,Medium,1.0
2024-11-10,97.1,164.1,83.0,26.8,72.33285424049137,66.60109378691236,High,1.0
2024-11-11,0.0,151.7,79.0,29.0,61.244290889046376,51.59436766674541,Medium,1.0
2024-11-12,37.6,183.3,86.0,26.9,75.12057957319473,63.80251200881958,Medium,1.0
2024-11-13,6.6,186.6,86.0,26.8,71.49103236475314,54.33884951570991,Medium,1.0
2024-11-14,0.0,142.49999999999997,89.0,26.2,67.46482990786676,46.35741495393338,Medium,1.0
2024-11-15,33.1,174.4,83.0,28.1,73.22133652256085,67.60566826128043,High,1.0
2024-11-16,0.0,174.4,89.0,26.5,69.59883652256083,47.924418261280415,Medium,1.0
2024-11-17,56.2,133.5,86.0,27.2,74.50073643593983,68.1352571068588,High,1.0
2024-11-18,0.1,133.6,90.0,25.7,67.1875313016773,45.67376565083864,Medium,1.0
2024-11-19,70.0,166.0,90.0,26.3,77.36106780061422,67.2805339003071,High,1.0
2024-11-20,,159.4,90.0,26.8,77.96808147623173,66.78084888573903,High,0.75
2024-11-21,1.9,161.3,90.0,26.5,70.21015355539807,49.958410111032364,Medium,1.0
2024-11-22,38.7,166.9,87.0,26.4,73.69255492558469,61.127944129459,Medium,1.0
2024-11-23,2.0,168.9,92.0,26.4,71.86567446255611,51.11617056461139,Medium,1.0
2024-11-24,0.3,113.0,91.0,26.1,67.00923340420505,46.61961670210253,Medium,1.0
2024-11-25,3.3,116.2,93.0,25.8,69.39822466335931,50.13077899834632,Medium,1.0
2024-11-26,2.6,48.8,86.0,26.8,52.42030888030887,42.45682110682111,Medium,1.0
2024-11-27,15.3,64.1,92.0,25.6,61.8430888030888,49.91821106821106,Medium,1.0
2024-11-28,2.2,64.4,85.0,26.9,56.057391677391664,44.010918060918044,Medium,1.0
2024-11-29,7.7,33.4,93.0,25.4,50.33394582332531,42.01197291166265,Medium,1.0
2024-11-30,,31.4,81.0,28.0,45.09996886398006,52.05998131838804,Medium,0.75
2024-12-01,4.1,35.2,82.0,27.5,43.68868895116093,41.249344475580465,Medium,1.0
2024-12-02,0.0,31.9,87.0,26.6,44.81790988346231,35.67284383062005,Medium,1.0
2024-12-03,1.4,30.7,83.0,27.4,41.99474779823858,38.117373899119286,Medium,1.0
2024-12-04,0.0,15.4,79.0,27.2,27.82042869641293,26.549103237095355,Low,1.0
2024-12-05,,13.2,75.0,27.2,23.62968517824159,28.886805815939667,Low,0.75
2024-12-06,0.0,5.5,73.0,28.4,17.46562929633795,26.074084489438814,Low,1.0
2024-12-07,2.0,7.5,74.0,28.3,20.237257842769644,28.960692413448324,Low,1.0
2024-12-08,0.0,3.4,70.0,28.7,14.621609798775149,24.949693788276463,Low,1.0
2024-12-09,0.0,3.4,79.0,26.8,17.260498687664043,19.046916010498695,Low,1.0
2024-12-10,0.0,2.0,78.0,28.0,17.824803149606296,25.78740157480315,Low,1.0
2024-12-11,0.0,2.0,78.0,28.3,18.588692038495186,27.69712379702538,Low,1.0
2024-12-12,11.5,13.5,86.0,26.3,38.32992125984251,37.06496062992125,Medium,1.0
2024-12-13,10.5,24.0,85.0,26.8,42.819268748332,40.542967707499336,Medium,1.0
2024-12-14,0.0,22.0,76.0,28.4,29.69402506131889,32.72399665764357,Low,1.0
2024-12-15,0.0,22.0,79.0,28.6,34.257517124810946,36.989869673516594,Medium,1.0
2024-12-16,0.0,22.0,79.0,28.7,34.39640601369983,37.3370918957388,Medium,1.0
2024-12-17,4.0,26.0,86.0,27.7,46.59074259407525,45.870371297037636,Medium,1.0
2024-12-18,25.5,51.5,89.0,26.0,57.42403474903474,50.10368404118403,Medium,1.0
2024-12-19,64.9,104.9,86.0,26.1,70.88184927947083,62.46625797306875,Medium,1.0
2024-12-20,3.5,97.9,90.0,25.7,66.43909756673753,48.01954878336876,Medium,1.0
2024-12-21,12.4,110.3,82.0,27.6,64.04977202929365,54.748219347980175,Medium,1.0
2024-12-22,21.0,131.3,85.0,27.1,69.4450271674935,58.2558469170801,Medium,1.0
2024-12-23,38.5,169.8,94.0,25.6,77.55216158752657,63.14274746042995,Medium,1.0
2024-12-24,6.0,171.8,86.0,27.3,71.92583668005355,57.174029451137905,Medium,1.0
2024-12-25,1.0,147.3,87.0,26.4,67.06498346326482,46.874158398299066,Medium,1.0
2024-12-26,,82.4,86.0,27.1,70.02717002717003,63.12741312741314,Medium,0.75
2024-12-27,,78.9,81.0,28.3,64.30061013394347,65.61740311740311,Medium,0.75
2024-12-28,4.0,70.5,83.0,27.5,57.44145752895753,48.545728764478774,Medium,1.0
2024-12-29,8.2,57.7,84.0,27.7,56.27472007722006,51.36569337194337,Medium,1.0
2024-12-30,52.7,71.9,87.0,25.9,65.21240797940797,58.530537323037315,Medium,1.0
2024-12-31,0.7,66.60000000000001,84.0,27.4,56.05413127413127,45.087065637065635,Medium,1.0
2025-01-01,0.0,65.60000000000001,81.0,28.0,52.82738095238094,45.163690476190474,Medium,1.0
2025-01-02,18.0,83.60000000000001,82.0,28.0,63.85222007722006,58.64277670527671,Medium,1.0
2025-01-03,10.9,94.5,86.0,26.9,66.90273879833057,53.74692495472083,Medium,1.0
2025-01-04,0.0,90.5,89.0,26.6,64.92149972438774,46.141305417749436,Medium,1.0
2025-01-05,,82.3,84.0,27.3,67.27537060870394,61.62448162448163,Medium,0.75
2025-01-06,0.0,29.6,83.0,27.3,40.71661773863535,35.80275331376213,Medium,1.0
2025-01-07,19.0,47.900000000000006,89.0,25.7,55.33240025740025,47.19120012870012,Medium,1.0
2025-01-08,43.5,91.4,84.0,26.4,66.08854240491377,57.077604535790215,Medium,1.0
2025-01-09,0.2,73.60000000000001,90.0,26.1,60.7730501930502,43.21319176319176,Medium,1.0
2025-01-10,14.8,77.5,86.0,26.3,62.92120978120976,50.240604890604885,Medium,1.0
2025-01-11,0.1,77.60000000000001,95.0,24.1,63.47838481338481,42.19419240669241,Medium,1.0
2025-01-12,10.0,87.60000000000001,97.0,24.0,70.05578195133475,50.98622430900071,Medium,1.0
2025-01-13,24.7,112.3,90.0,25.1,69.85955823293172,54.86977911646587,Medium,1.0
2025-01-14,,93.3,92.0,25.5,73.16750662781845,60.01161508780219,Medium,0.75
2025-01-15,72.6,122.4,91.0,25.7,75.01506189463737,65.52386428065202,Medium,1.0
2025-01-16,,122.2,92.0,25.6,75.15657400845211,61.42727773840459,Medium,0.75
2025-01-17,52.6,160.0,87.0,26.0,74.18570918969998,63.17585459484999,Medium,1.0
2025-01-18,24.2,184.1,95.0,25.0,77.09171627687219,59.2608581384361,Medium,1.0
2025-01-19,26.1,200.2,89.0,26.0,75.31591188282542,59.16962260807937,Medium,1.0
2025-01-20,1.4,176.9,88.0,26.3,69.51481927710843,48.460742971887555,Medium,1.0
2025-01-21,0.0,176.9,83.0,26.8,64.20481927710844,44.769076305220885,Medium,1.0
2025-01-22,0.0,104.3,90.0,25.9,65.58374675171274,45.1252067091897,Medium,1.0
2025-01-23,3.2,107.5,88.0,26.5,66.302738010867,48.62803567210017,Medium,1.0
2025-01-24,0.0,54.90000000000001,84.0,27.1,51.176319176319176,40.421492921492934,Medium,1.0
2025-01-25,82.4,113.10000000000002,93.0,25.5,75.94113938105363,66.85423635719349,High,1.0
2025-01-26,67.8,154.8,87.0,26.3,74.7365983935743,65.16729919678716,Medium,1.0
2025-01-27,,153.4,92.0,25.6,77.20397931595664,62.65572092290733,Medium,0.75
2025-01-28,30.1,183.50000000000003,97.0,23.8,77.89628041578078,59.25980687455705,Medium,1.0
2025-01-29,7.2,190.7,88.0,25.3,71.22984408221119,51.11825537443893,Medium,1.0
2025-01-30,0.0,187.50000000000003,84.0,25.4,64.58085282305693,41.95709307819513,Medium,1.0
2025-01-31,7.0,194.50000000000003,84.0,26.2,67.92760453579022,49.49713560122845,Medium,1.0
2025-02-01,16.0,128.10000000000002,80.0,26.4,58.9977025750059,45.64051795416962,Medium,1.0
2025-02-02,0.0,60.30000000000001,81.0,27.8,50.49710424710425,42.74855212355212,Medium,1.0
2025-02-03,0.3,60.600000000000016,78.0,28.2,46.338629343629336,41.53431467181466,Medium,1.0
2025-02-04,5.0,35.500000000000014,76.0,27.4,34.32057074230813,33.48171394258264,Medium,1.0
2025-02-05,0.0,28.30000000000001,84.0,26.2,39.22397918334667,30.611989591673336,Low,1.0
2025-02-06,2.5,30.80000000000001,82.0,26.3,38.308113157192416,31.320723245262876,Low,1.0
2025-02-07,0.0,23.80000000000001,79.0,26.8,30.25587136375767,25.54460234854551,Low,1.0
2025-02-08,0.2,8.000000000000014,86.0,25.5,30.545879265091862,26.266272965879267,Low,1.0
2025-02-09,3.5,11.500000000000014,83.0,26.2,30.705118110236217,28.652559055118108,Low,1.0
2025-02-10,1.2,12.400000000000013,82.0,26.1,28.91044619422572,25.248556430446197,Low,1.0
2025-02-11,0.0,7.400000000000015,75.0,27.1,16.42200974878141,18.687195350581195,Low,1.0
2025-02-12,0.0,7.400000000000015,78.0,27.7,21.13927165354331,25.56963582677166,Low,1.0
2025-02-13,0.0,4.900000000000015,82.0,27.8,26.608267716535444,31.304133858267733,Low,1.0
2025-02-14,0.0,4.900000000000015,86.0,27.1,30.524934383202112,31.095800524934404,Low,1.0
2025-02-15,28.0,32.70000000000002,81.0,27.3,43.75761053287074,45.92324971087983,Medium,1.0
2025-02-16,17.6,46.80000000000001,85.0,27.1,53.72657058980517,49.55661862823593,Medium,1.0
2025-02-17,0.0,45.60000000000001,84.0,26.8,47.23285294902589,36.78309314117961,Medium,1.0
2025-02-18,17.0,62.60000000000001,85.0,26.8,57.92046332046331,49.82689832689832,Medium,1.0
2025-02-19,50.0,112.6,91.0,24.7,72.6989428301441,60.89113808173872,Medium,1.0
2025-02-20,,112.6,81.0,27.6,66.33215870016012,61.46596188676277,Medium,0.75
2025-02-21,,112.6,83.0,27.2,68.35376363843172,60.864110034910894,Medium,0.75
2025-02-22,1.2,85.80000000000001,88.0,26.4,64.09840411840412,45.75920205920205,Medium,1.0
2025-02-23,14.4,82.60000000000001,93.0,25.4,68.13380308880308,52.698568211068206,Medium,1.0
2025-02-24,110.2,192.8,91.0,25.1,80.76886959603118,71.59276813134893,High,1.0
2025-02-25,11.8,187.6,88.0,26.2,72.41009213323883,54.435046066619414,Medium,1.0
2025-02-26,,137.60000000000002,92.0,25.8,76.35233745439274,62.58918025041342,Medium,0.75
2025-02-27,115.8,253.4,94.0,25.5,86.55622489959838,75.7781124497992,High,1.0
2025-02-28,43.6,297.0,89.0,26.1,82.86623080557523,66.61144873612096,High,1.0
2025-03-01,1.8,297.6,85.0,27.6,77.34500000000001,58.36250000000002,Medium,1.0
2025-03-02,0.3,283.5,80.0,28.4,70.1900350421293,55.2655730766202,Medium,1.0
2025-03-03,0.0,173.29999999999998,83.0,27.8,66.90887077722657,51.95443538861329,Medium,1.0
2025-03-04,,161.5,89.0,26.7,77.10280118294529,65.24316219124866,Medium,0.75
2025-03-05,4.1,165.60000000000002,86.0,27.1,70.51077722655329,54.36872194660999,Medium,1.0
2025-03-06,26.2,76.00000000000001,87.0,26.1,64.21025096525096,53.38679214929215,Medium,1.0
2025-03-07,0.2,32.600000000000016,82.0,27.9,42.33785628502802,39.953928142514,Medium,1.0
2025-03-08,1.8,32.60000000000001,81.0,28.0,41.79035628502802,41.08517814251402,Medium,1.0
2025-03-09,10.3,42.600000000000016,87.0,25.9,51.03022551374432,42.636779423538826,Medium,1.0
2025-03-10,5.3,47.90000000000001,84.0,27.9,53.359900257400255,50.384950128700126,Medium,1.0
2025-03-11,0.0,47.90000000000001,89.0,26.5,52.132400257400256,39.19120012870013,Medium,1.0
2025-03-12,5.7,49.500000000000014,91.0,26.2,55.740534105534095,45.09860038610039,Medium,1.0
2025-03-13,15.3,38.600000000000016,84.0,27.6,50.09561115559115,49.544472244462256,Medium,1.0
2025-03-14,27.1,65.50000000000001,94.0,25.5,64.79687258687258,54.3184362934363,Medium,1.0
2025-03-15,2.4,66.10000000000002,82.0,27.6,54.19825611325612,45.76912805662808,Medium,1.0
2025-03-16,,55.800000000000026,84.0,28.5,61.350993850993845,66.58837408837408,High,0.75
2025-03-17,22.9,73.4,87.0,26.2,63.12703346203345,52.35185006435005,Medium,1.0
2025-03-18,0.4,73.80000000000001,81.0,27.6,54.37573359073359,43.75786679536681,Medium,1.0
2025-03-19,0.0,68.10000000000001,86.0,26.6,57.03453453453453,41.57282282282283,Medium,1.0
2025-03-20,4.7,57.500000000000014,91.0,24.6,56.76787001287002,42.518935006435015,Medium,1.0
2025-03-21,0.2,30.60000000000001,88.0,25.4,43.80804910595143,33.14735788630904,Medium,1.0
2025-03-22,7.6,35.80000000000001,94.0,25.1,51.65638110488389,42.354857219108624,Medium,1.0
2025-03-23,64.9,100.70000000000002,90.0,26.0,73.05046491849752,64.21723245924875,Medium,1.0
2025-03-24,1.5,79.30000000000001,86.0,27.3,63.18258258258258,49.735735735735744,Medium,1.0
2025-03-25,15.0,93.90000000000002,82.0,28.3,65.4417473816836,60.16531813528625,Medium,1.0
2025-03-26,8.0,101.90000000000002,80.0,29.3,62.99478108512482,58.727946098117975,Medium,1.0
2025-03-27,,97.20000000000002,87.0,27.4,73.65491377273801,67.80405937475392,High,0.75
2025-03-28,1.7,98.70000000000002,81.0,27.3,58.655234270415,45.13206157965196,Medium,1.0
2025-03-29,9.2,100.3,72.0,28.9,54.2011584714207,50.77216653729764,Medium,1.0
2025-03-30,0.0,35.40000000000001,80.0,28.3,41.08014189129081,40.19284872342318,Medium,1.0
2025-03-31,19.2,53.10000000000001,79.0,27.4,47.073835263835264,45.073584298584294,Medium,1.0
2025-04-01,0.1,38.20000000000001,74.0,28.7,35.5644513070774,36.2154002567133,Medium,1.0
2025-04-02,62.0,92.20000000000002,88.0,26.1,71.26579021970234,62.84289510985117,Medium,1.0
2025-04-03,,92.20000000000002,79.0,27.7,61.17402617003963,57.537749035357116,Medium,0.75
2025-04-04,8.0,98.5,78.0,27.5,55.32870009449564,46.21435004724783,Medium,1.0
2025-04-05,44.2,133.50000000000003,90.0,25.3,73.22829199149538,60.78747932908102,Medium,1.0
2025-04-06,0.5,134.00000000000003,88.0,26.3,66.62115520907157,46.29391093786913,Medium,1.0
2025-04-07,18.7,133.50000000000003,90.0,25.6,70.88495865816206,54.929145995747696,Medium,1.0
2025-04-08,29.1,162.50000000000003,87.0,26.8,73.38935861091426,60.88967930545713,Medium,1.0
2025-04-09,0.5,101.00000000000004,92.0,26.3,67.17218284904322,47.40275809118828,Medium,1.0
2025-04-10,4.0,105.00000000000004,80.0,27.8,59.60008858965274,49.87504429482638,Medium,1.0
2025-04-11,2.0,99.00000000000004,87.0,26.6,64.97350775651627,47.35064276714703,Medium,1.0
2025-04-12,2.2,57.000000000000014,80.0,27.9,48.75282818532818,43.63641409266409,Medium,1.0
2025-04-13,0.0,56.500000000000014,81.0,27.3,47.74667524667524,38.317782067782076,Medium,1.0
2025-04-14,0.0,37.80000000000001,76.0,28.8,36.57464066491288,37.27541557055168,Medium,1.0
2025-04-15,29.5,38.20000000000002,80.0,27.8,45.76214971977583,49.65607485988792,Medium,1.0
2025-04-16,3.1,40.80000000000001,81.0,27.5,44.030482385908726,40.120241192954374,Medium,1.0
2025-04-17,11.3,48.100000000000016,76.0,28.4,42.90381381381381,45.00889103389103,Medium,1.0
2025-04-18,0.0,46.100000000000016,70.0,28.8,36.683013077128365,36.258173205230854,Medium,1.0
2025-04-19,0.0,43.90000000000001,84.0,27.0,47.107864069033006,37.831709812294285,Medium,1.0
2025-04-20,0.1,44.000000000000014,76.0,28.5,38.67995958671699,37.5747416981204,Medium,1.0
2025-04-21,0.0,44.000000000000014,81.0,27.8,45.00900720576461,40.004503602882316,Medium,1.0
2025-04-22,0.0,14.500000000000014,80.0,28.4,32.32010061242344,36.09060586176727,Medium,1.0
2025-04-23,82.7,94.10000000000002,87.0,26.3,71.74767044649185,64.86483522324592,Medium,1.0
2025-04-24,0.0,82.80000000000003,75.0,28.2,50.41505791505792,42.350386100386096,Medium,1.0
2025-04-25,20.5,103.30000000000004,83.0,27.9,67.13718698322702,60.79359349161352,Medium,1.0
2025-04-26,17.5,120.80000000000004,86.0,26.2,67.97489959839358,53.320783132530124,Medium,1.0
2025-04-27,2.0,122.70000000000002,82.0,28.2,64.47044649184976,54.33522324592488,Medium,1.0
2025-04-28,0.0,122.70000000000002,87.0,27.3,67.51766871407197,50.91161213481379,Medium,1.0
2025-04-29,45.0,167.70000000000002,82.0,27.3,70.05035829592882,62.96962359240886,Medium,1.0
2025-04-30,,85.00000000000001,87.0,26.4,69.70667095667095,58.54622479622478,Medium,0.75
2025-05-01,3.5,88.50000000000001,85.0,27.9,66.61310240963854,56.23155120481927,Medium,1.0
2025-05-02,16.8,84.80000000000001,84.0,27.5,65.51582046332047,57.029576898326916,Medium,1.0
2025-05-03,7.6,74.90000000000002,78.0,26.9,49.277436722436725,39.67927391677391,Medium,1.0
2025-05-04,2.1,75.00000000000001,87.0,26.7,60.997389532389526,45.9981392106392,Medium,1.0
2025-05-05,21.2,96.20000000000002,84.0,28.2,69.22536262697851,64.35268131348924,Medium,1.0
2025-05-06,0.0,51.20000000000002,80.0,29.0,48.05528743028743,45.62486593736594,Medium,1.0
2025-05-07,0.0,51.20000000000002,83.0,28.6,52.37473187473187,48.298477048477054,Medium,1.0
2025-05-08,,47.70000000000002,85.0,27.8,58.27005577005577,60.96203346203348,Medium,0.75
2025-05-09,17.0,47.90000000000001,80.0,28.2,49.48240025740026,51.31620012870013,Medium,1.0
2025-05-10,0.0,40.30000000000001,78.0,29.1,40.40282225780624,40.826411128903125,Medium,1.0
2025-05-11,0.0,38.20000000000001,75.0,28.8,36.19905448168058,36.9090510503641,Medium,1.0
2025-05-12,0.0,17.000000000000014,78.0,28.6,30.38091584378614,34.42656903300419,Medium,1.0
2025-05-13,0.0,17.000000000000014,73.0,29.8,28.02972536759566,35.24502141395656,Medium,1.0
2025-05-14,7.0,24.00000000000001,84.0,26.7,40.57482430388755,37.431856596388215,Medium,1.0
2025-05-15,2.7,26.700000000000014,83.0,26.9,39.52457788452983,35.14451116448714,Medium,1.0
2025-05-16,12.4,22.100000000000016,81.0,27.7,38.916160261542565,42.30641346410462,Medium,1.0
2025-05-17,0.0,22.100000000000016,78.0,29.1,33.11699359487589,37.183496797437954,Medium,1.0
2025-05-18,0.0,22.100000000000016,92.0,26.2,43.49199359487589,34.99599679743795,Medium,1.0
2025-05-19,44.0,66.10000000000002,85.0,27.2,62.95770055770056,60.167739167739164,Medium,1.0
2025-05-20,1.0,67.10000000000002,83.0,28.0,56.710006435006434,48.90500321750323,Medium,1.0
2025-05-21,4.7,64.80000000000001,86.0,28.3,62.71386958386958,57.894712569712574,Medium,1.0
2025-05-22,0.0,62.100000000000016,78.0,28.3,46.84014371514371,41.82284963534964,Medium,1.0
2025-05-23,,49.70000000000002,77.0,28.8,46.2998712998713,53.335478335478335,Medium,0.75
2025-05-24,0.0,49.70000000000002,74.0,29.4,40.89607464607464,40.74565637065636,Medium,1.0
2025-05-25,,49.70000000000002,79.0,28.2,49.54061204061203,54.72436722436722,Medium,0.75
2025-05-26,0.0,5.700000000000014,71.0,29.2,17.662792150981133,28.037745281839772,Low,1.0
2025-05-27,0.0,4.700000000000014,71.0,29.2,16.875390576177985,27.644044494438198,Low,1.0
2025-05-28,28.6,28.600000000000016,80.0,27.6,41.20407526020817,45.9470376301041,Medium,1.0
2025-05-29,0.0,28.600000000000016,81.0,27.1,36.76074192687484,31.713704296770757,Low,1.0
2025-05-30,0.0,28.600000000000016,84.0,28.8,45.42740859354149,45.880370963437414,Medium,1.0
2025-05-31,35.8,64.4,96.0,24.5,65.7296138996139,55.274806949806944,Medium,1.0
2025-06-01,69.8,134.20000000000002,77.0,28.1,62.82913382943539,63.87356691471771,Medium,1.0
2025-06-02,0.0,134.20000000000002,74.0,28.7,54.43693541673697,45.571642311543094,Medium,1.0
2025-06-03,28.0,162.20000000000002,79.0,28.1,65.2408073470352,60.34540367351761,Medium,1.0
2025-06-04,1.0,134.60000000000002,83.0,27.6,64.39825773682968,50.24912886841486,Medium,1.0
2025-06-05,30.0,164.60000000000002,83.0,27.3,69.86727301362312,60.37808095125602,Medium,1.0
2025-06-06,36.6,201.2,86.0,26.4,74.88330498464447,61.094985825655556,Medium,1.0
2025-06-07,,165.4,79.0,28.8,68.63959104391421,68.40597684857076,High,0.75
2025-06-08,0.0,95.60000000000002,78.0,28.2,54.94492676588708,45.59746338294353,Medium,1.0
2025-06-09,0.0,95.60000000000002,78.0,29.1,56.19492676588708,48.72246338294355,Medium,1.0
2025-06-10,40.8,108.40000000000003,85.0,26.3,68.23922513583746,57.9462792345854,Medium,1.0
2025-06-11,0.0,107.40000000000003,76.0,27.4,50.73111774830414,37.68698744558064,Medium,1.0
2025-06-12,0.0,77.40000000000003,80.0,28.6,55.9295903045903,48.45090626340627,Medium,1.0
2025-06-13,0.0,40.800000000000026,80.0,28.7,43.79742683035317,42.66260230406547,Medium,1.0
2025-06-14,0.0,40.800000000000026,78.0,28.6,39.90853794146428,39.19038008184326,Medium,1.0
2025-06-15,0.0,40.800000000000026,80.0,28.6,43.65853794146428,42.31538008184326,Medium,1.0
2025-06-16,,40.800000000000026,88.0,26.3,53.95701746582451,49.15198825727249,Medium,0.75
2025-06-17,57.2,57.20000000000003,83.0,26.8,56.87101158301159,55.67817245817247,Medium,1.0
2025-06-18,0.2,57.400000000000034,79.0,28.1,46.83152831402832,41.70076415701417,Medium,1.0
2025-06-19,0.0,57.400000000000034,76.0,28.1,42.46581402831404,37.929335585585605,Medium,1.0
2025-06-20,0.0,57.400000000000034,75.0,28.4,42.52037752037752,38.958601458601464,Medium,1.0
2025-06-21,0.0,57.400000000000034,78.0,28.0,44.56402831402832,39.15701415701417,Medium,1.0
2025-06-22,0.0,57.400000000000034,73.0,28.4,41.44894894894895,38.06574431574431,Medium,1.0
2025-06-23,3.0,60.400000000000034,80.0,27.5,48.91677927927929,41.858389639639654,Medium,1.0
2025-06-24,0.0,3.2000000000000286,72.0,29.1,16.091113610798672,27.1526996625422,Low,1.0
2025-06-25,0.0,3.0000000000000284,74.0,28.6,16.31061742282217,26.230705536807914,Low,1.0
2025-06-26,0.0,3.0000000000000284,75.0,29.0,17.401887264092007,28.06602299712537,Low,1.0
2025-06-27,0.0,3.0000000000000284,76.0,29.3,18.354268216472963,29.554118235220614,Low,1.0
2025-06-28,0.0,3.0000000000000284,75.0,26.9,12.401887264092004,15.566022997125362,Low,1.0
2025-06-29,7.0,10.000000000000028,77.0,26.9,21.25179352580928,24.88145231846019,Low,1.0
2025-06-30,0.0,7.000000000000028,78.0,28.0,21.761811023622062,27.755905511811033,Low,1.0
2025-07-01,0.0,7.000000000000028,76.0,28.7,20.670541182352217,29.045588051493567,Low,1.0
2025-07-02,,7.000000000000028,81.0,27.5,28.693678915135624,38.04954068241472,Medium,0.75
2025-07-03,0.0,7.000000000000028,82.0,28.6,30.067366579177616,36.64479440069992,Medium,1.0
2025-07-04,0.0,7.000000000000028,88.0,26.3,31.595144356955394,28.380905511811033,Low,1.0
2025-07-05,3.7,10.700000000000028,91.0,25.8,37.44686351706037,34.0584317585302,Medium,1.0
2025-07-06,0.0,3.7000000000000286,81.0,26.9,21.524496937882777,22.984470691163605,Low,1.0
2025-07-07,0.0,3.7000000000000286,78.0,26.8,15.621719160105007,17.602526246719176,Low,1.0
2025-07-08,0.0,3.7000000000000286,76.0,27.9,16.440171541057385,23.66651434195726,Low,1.0
2025-07-09,0.0,3.7000000000000286,76.0,27.5,15.19017154105739,20.541514341957278,Low,1.0
2025-07-10,0.0,3.7000000000000286,68.0,29.1,14.341957255343102,25.563835770528705,Low,1.0
2025-07-11,0.0,3.7000000000000286,71.0,28.5,15.115766779152626,24.819788151481074,Low,1.0
2025-07-12,0.8,0.8000000000000285,82.0,27.6,23.07492125984255,28.92746062992129,Low,1.0
2025-07-13,,0.8000000000000285,81.0,27.9,24.65824584426949,38.961614173228355,Medium,0.75
2025-07-14,0.0,0.8000000000000285,82.0,26.5,19.62992125984254,20.31496062992127,Low,1.0
2025-07-15,13.5,14.30000000000003,76.0,27.5,26.669961567304096,32.54807602174729,Low,1.0
2025-07-16,0.0,14.30000000000003,73.0,28.7,24.811429821272345,30.580318085239345,Low,1.0
2025-07-17,0.0,14.30000000000003,67.0,28.5,21.31936632920885,27.207302212223475,Low,1.0
2025-07-18,0.0,14.30000000000003,69.0,29.0,23.085239345081877,29.836270466191728,Low,1.0
2025-07-19,0.0,13.500000000000028,67.0,28.9,21.24500062492189,28.2812304711911,Low,1.0
2025-07-20,0.0,13.500000000000028,67.0,28.4,20.550556180477443,26.54511936007999,Low,1.0
2025-07-21,0.0,13.500000000000028,70.0,29.3,23.407699037620304,31.00940507436571,Low,1.0
2025-07-22,0.0,0.0,77.0,28.7,15.694444444444445,26.736111111111107,Low,1.0
2025-07-23,0.0,0.0,79.0,27.6,16.87500000000001,23.437500000000018,Low,1.0
2025-07-24,,0.0,76.0,28.9,17.15167548500882,35.978835978835974,Medium,0.75
2025-07-25,0.0,0.0,83.0,27.3,22.722222222222225,26.80555555555557,Low,1.0
2025-07-26,2.7,2.7000000000000286,84.0,27.0,26.594873140857413,29.73521434820649,Low,1.0
2025-07-27,0.0,2.7000000000000286,79.0,28.0,20.250984251968525,27.625492125984266,Low,1.0
2025-07-28,9.6,12.30000000000003,81.0,28.0,34.17337270341208,41.063353018372716,Medium,1.0
2025-07-29,0.2,12.500000000000028,78.0,29.2,28.186408573928265,35.15598206474191,Medium,1.0
2025-07-30,35.6,48.10000000000003,87.0,26.7,57.06230587730588,53.470597383097385,Medium,1.0
2025-07-31,0.3,48.40000000000003,80.0,27.5,43.97577541827543,37.22788770913772,Medium,1.0
2025-08-01,0.0,48.40000000000003,82.0,27.2,46.36271986271986,37.57024882024882,Medium,1.0
2025-08-02,50.0,95.70000000000002,76.0,28.2,59.54011845702136,61.09148779993925,Medium,1.0
2025-08-03,0.0,95.70000000000002,70.0,29.2,50.714721631624535,44.38513859359004,Medium,1.0
2025-08-04,0.0,86.10000000000002,83.0,27.8,61.758858965272864,49.37942948263644,Medium,1.0
2025-08-05,32.5,118.40000000000003,78.0,26.6,56.819267265139,47.59018918812506,Medium,1.0
2025-08-06,0.0,82.80000000000004,72.0,28.9,49.78013728013728,43.44165594165594,Medium,1.0
2025-08-07,0.0,82.50000000000003,76.0,28.5,51.270913770913765,43.79021879021879,Medium,1.0
2025-08-08,10.5,93.00000000000004,82.0,27.5,62.46220470115757,52.82276901724546,Medium,1.0
2025-08-09,1.2,44.20000000000003,78.0,27.6,39.31907125700562,34.994535628502824,Medium,1.0
2025-08-10,0.0,44.20000000000003,87.0,25.9,48.96407125700561,36.190368961836135,Medium,1.0
2025-08-11,6.6,50.800000000000026,86.0,25.9,52.90380952380952,42.37857142857142,Medium,1.0
2025-08-12,,18.300000000000026,76.0,26.5,25.483402595091945,25.05194631895993,Low,0.75
2025-08-13,8.2,26.50000000000003,85.0,26.0,42.263402722177744,37.15170136108887,Medium,1.0
2025-08-14,7.3,33.800000000000026,78.0,27.1,35.52407392580732,33.83370362957034,Medium,1.0
2025-08-15,0.0,23.30000000000003,82.0,25.9,33.97237790232186,26.486188951160926,Low,1.0
2025-08-16,0.0,22.10000000000003,81.0,26.7,33.04754915043146,27.63488568632684,Low,1.0
2025-08-17,0.0,22.10000000000003,81.0,27.2,34.43643803932034,31.107107908549064,Low,1.0
2025-08-18,0.0,15.500000000000028,77.0,28.0,26.579724409448826,29.539862204724418,Low,1.0
2025-08-19,0.0,15.500000000000028,85.0,26.3,35.53805774278216,29.435695538057747,Low,1.0
2025-08-20,1.8,9.100000000000028,76.0,27.3,19.571862267216613,22.991804149481336,Low,1.0
2025-08-21,0.0,1.8000000000000285,77.0,27.6,14.542322834645695,21.021161417322865,Low,1.0
2025-08-22,0.0,1.8000000000000285,74.0,28.2,14.81017997750283,24.369375703037132,Low,1.0
2025-08-23,18.0,19.80000000000003,75.0,27.0,28.122050656398137,31.448326915500658,Low,1.0
2025-08-24,0.0,19.80000000000003,80.0,25.9,29.196257005604483,22.973128502802236,Low,1.0
2025-08-25,0.0,19.80000000000003,84.0,26.3,35.90459033893782,29.118961836135576,Low,1.0
2025-08-26,24.5,44.300000000000026,75.0,28.0,41.63267471119752,45.609194498455906,Medium,1.0
2025-08-27,0.0,42.50000000000003,74.0,29.1,37.80138396431431,38.36497769644288,Medium,1.0
2025-08-28,0.0,42.50000000000003,79.0,27.4,39.408526821457166,33.45426341072858,Medium,1.0
2025-08-29,0.0,42.50000000000003,77.0,27.7,36.596026821457166,32.67301341072859,Low,1.0
2025-08-30,12.5,37.00000000000003,81.0,26.9,42.56787652344097,39.5061604839427,Medium,1.0
2025-08-31,0.0,37.00000000000003,71.0,28.6,33.29803525359971,34.1887001664824,Medium,1.0
2025-09-01,13.6,50.60000000000003,88.0,25.9,55.02279279279279,45.72139639639639,Medium,1.0
2025-09-02,35.8,61.90000000000003,90.0,24.9,61.50857142857143,52.58095238095237,Medium,1.0
2025-09-03,0.0,61.90000000000003,81.0,27.8,51.01190476190477,43.005952380952394,Medium,1.0
2025-09-04,22.8,84.70000000000003,83.0,26.5,61.8778120978121,50.49890604890604,Medium,1.0
2025-09-05,1.5,86.20000000000003,82.0,26.2,56.86476494212142,39.63238247106071,Medium,1.0
2025-09-06,0.0,73.70000000000003,74.0,27.8,45.701415701415705,37.31499356499358,Medium,1.0
2025-09-07,16.4,90.10000000000002,86.0,26.1,65.93176470588236,51.839215686274514,Medium,1.0
2025-09-08,0.0,76.50000000000003,77.0,28.4,49.73723723723723,42.92417417417417,Medium,1.0
2025-09-09,,40.70000000000002,84.0,26.2,49.09772262254248,44.12530024019215,Medium,0.75
2025-09-10,0.0,40.70000000000003,78.0,28.2,39.31295036028824,37.78147518014411,Medium,1.0
2025-09-11,84.0,101.90000000000003,88.0,25.4,72.13533664068036,63.87100165367352,Medium,1.0
2025-09-12,18.6,119.00000000000004,80.0,25.6,58.140258681785966,44.57179600755965,Medium,1.0
2025-09-13,1.6,120.60000000000004,88.0,26.2,66.18642097802976,46.78987715568155,Medium,1.0
2025-09-14,0.6,104.80000000000004,77.0,28.5,54.26994330262226,45.948304984644466,Medium,1.0
2025-09-15,2.2,107.00000000000004,81.0,27.0,58.51209701551303,43.79382628553431,Medium,1.0
2025-09-16,18.5,125.50000000000004,82.0,26.6,62.913591621387525,50.11235136624932,Medium,1.0
2025-09-17,2.7,128.20000000000002,85.0,26.3,64.40860855185447,46.0309709425939,Medium,1.0
2025-09-18,,44.20000000000002,80.0,28.3,49.55884460654943,55.939010467633366,Medium,0.75
2025-09-19,0.0,25.600000000000023,77.0,27.4,28.893114491593277,26.94655724579664,Low,1.0
2025-09-20,0.0,24.000000000000025,87.0,27.1,43.04426874833201,37.56380104083268,Medium,1.0
2025-09-21,2.1,25.50000000000003,81.0,27.5,37.50558246597279,36.0577912329864,Medium,1.0
2025-09-22,0.0,23.300000000000026,82.0,27.6,37.59737790232187,35.54868895116095,Medium,1.0
2025-09-23,0.0,4.800000000000026,78.0,28.1,20.34202755905514,27.671013779527584,Low,1.0
2025-09-24,0.0,2.100000000000025,76.0,27.3,13.340051243594573,18.435898637670316,Low,1.0
2025-09-25,3.8,5.900000000000025,84.0,26.8,28.99900262467193,30.70616797900264,Low,1.0
2025-09-26,1.4,7.300000000000025,78.0,28.1,22.870531496063013,30.05526574803152,Low,1.0
2025-09-27,,7.300000000000025,91.0,25.9,37.08114610673667,38.970909886264224,Medium,0.75
2025-09-28,3.0,8.200000000000024,86.0,26.1,32.323359580052504,30.395013123359586,Low,1.0
2025-09-29,15.4,23.600000000000023,88.0,25.5,44.39580731251668,40.221236989591674,Medium,1.0
2025-09-30,0.0,23.600000000000023,76.0,28.6,30.612315249024626,33.738697307052,Medium,1.0
2025-10-01,0.0,23.600000000000023,83.0,26.7,36.648029534738896,30.43512587848056,Low,1.0
2025-10-02,5.5,25.300000000000026,82.0,27.4,39.83968508139846,39.55317587403256,Medium,1.0
2025-10-03,,23.900000000000027,78.0,26.1,30.282485247457224,28.113935592918782,Low,0.75
2025-10-04,10.1,34.00000000000003,78.0,27.2,36.25524908815942,35.5015134329686,Medium,1.0
2025-10-05,0.0,31.000000000000025,92.0,25.2,46.22151054176675,34.6940886042167,Medium,1.0
2025-10-06,15.8,31.400000000000027,82.0,26.9,42.26608308869318,40.735263766568806,Medium,1.0
2025-10-07,0.8,32.200000000000024,80.0,26.6,35.258005960323814,28.19955853571747,Low,1.0
2025-10-08,17.5,49.70000000000002,78.0,27.1,43.04488416988417,40.314108751608764,Medium,1.0
2025-10-09,0.0,44.20000000000002,83.0,26.9,45.45018236811672,35.94731340628057,Medium,1.0
2025-10-10,0.0,44.20000000000002,85.0,27.1,49.00573792367227,39.83620229516948,Medium,1.0
2025-10-11,0.0,34.10000000000002,69.0,29.4,32.176789050287844,35.493156429905824,Medium,1.0
2025-10-12,7.8,41.90000000000002,93.0,25.0,53.41666800106752,42.91333400053376,Medium,1.0
2025-10-13,13.9,40.00000000000003,81.0,27.0,44.23328173650031,41.26775197936127,Medium,1.0
2025-10-14,0.0,39.20000000000002,84.0,27.1,45.50413664264745,37.58540165465707,Medium,1.0
2025-10-15,1.2,22.900000000000023,83.0,27.1,37.958916466506544,34.27279156658661,Medium,1.0
2025-10-16,0.4,23.300000000000026,86.0,26.8,41.4657112356552,35.21952228449427,Medium,1.0
2025-10-17,55.6,78.90000000000003,82.0,27.5,64.26816023166025,62.707080115830124,Medium,1.0
2025-10-18,0.0,78.90000000000003,74.0,28.3,48.76340626340627,41.623766623766635,Medium,1.0
2025-10-19,18.9,90.00000000000003,84.0,27.0,64.98141428458933,54.47515158673912,Medium,1.0
2025-10-20,0.2,76.30000000000003,86.0,26.9,60.586220506220506,45.17533247533247,Medium,1.0
2025-10-21,0.9,77.20000000000002,83.0,27.3,57.76690690690692,45.04789789789791,Medium,1.0
2025-10-22,0.0,76.00000000000001,81.0,27.6,54.92358429858431,43.711792149292165,Medium,1.0
2025-10-23,0.0,75.60000000000002,73.0,28.2,47.02702702702703,40.2992277992278,Medium,1.0
2025-10-24,0.0,20.00000000000003,77.0,27.8,27.90132105684548,28.95066052842275,Low,1.0
2025-10-25,0.2,20.200000000000028,71.0,28.6,26.652654949356315,31.0260100143607,Low,1.0
2025-10-26,0.0,1.3000000000000285,66.0,29.0,11.241876015498082,23.378874515685553,Low,1.0
2025-10-27,0.0,1.1000000000000285,71.0,29.5,14.457411573553326,27.268388326459206,Low,1.0
2025-10-28,0.0,0.2000000000000284,64.0,29.9,10.554305711786046,25.17794650668667,Low,1.0
2025-10-29,0.0,0.2000000000000284,69.0,27.8,9.621766029246372,18.38231158605177,Low,1.0
2025-10-30,0.0,0.2000000000000284,63.0,29.5,9.463035870516208,23.342629046369215,Low,1.0
2025-10-31,0.0,0.2000000000000284,67.0,29.2,11.189226346706684,24.086676665416835,Low,1.0
2025-11-01,0.0,0.0,69.0,30.0,13.214285714285715,27.67857142857143,Low,1.0
2025-11-02,30.5,30.50000000000003,82.0,28.3,47.54357263588648,54.649564095721026,Medium,1.0
2025-11-03,8.6,39.10000000000003,76.0,27.7,37.179223664646,37.74604040375158,Medium,1.0
2025-11-04,11.7,50.800000000000026,78.0,28.1,45.646309523809535,46.10982142857145,Medium,1.0
2025-11-05,0.0,50.800000000000026,73.0,28.6,39.6031746031746,37.6984126984127,Medium,1.0
2025-11-06,0.0,50.800000000000026,71.0,28.9,38.948412698412696,37.847222222222214,Medium,1.0
2025-11-07,0.0,50.800000000000026,68.0,28.1,36.05654761904762,33.29613095238097,Medium,1.0
2025-11-08,0.0,50.800000000000026,69.0,27.9,35.967261904761905,32.18005952380952,Low,1.0
2025-11-09,0.0,20.300000000000026,68.0,28.3,24.588877451167285,28.46507364621857,Low,1.0
2025-11-10,,11.700000000000026,70.0,28.7,23.50782541071256,37.62321376494605,Medium,0.75
2025-11-11,0.0,0.0,68.0,28.8,11.011904761904765,23.065476190476193,Low,1.0
2025-11-12,1.4,1.4000000000000283,71.0,28.2,13.448076490438716,24.272609673790786,Low,1.0
2025-11-13,0.0,1.4000000000000283,76.0,27.7,14.004147919010148,21.19850253093365,Low,1.0
2025-11-14,7.2,8.600000000000028,79.0,27.3,25.037209098862657,30.29971566054245,Low,1.0
2025-11-15,0.6,9.20000000000003,82.0,26.7,27.03965004374454,25.61093613298338,Low,1.0
2025-11-16,9.7,18.900000000000027,92.0,25.7,44.42096877502002,39.88048438751,Medium,1.0
2025-11-17,0.0,18.900000000000027,89.0,25.8,40.00263544168669,31.95965105417668,Low,1.0
2025-11-18,3.0,21.900000000000027,75.0,28.2,30.04050097220634,34.56310762896031,Medium,1.0
2025-11-19,0.5,21.00000000000003,76.0,27.8,27.96592702733616,29.204392085096664,Low,1.0
2025-11-20,4.6,25.60000000000003,77.0,27.9,32.29561449159328,35.45280724579663,Medium,1.0
2025-11-21,36.8,55.20000000000002,82.0,27.6,55.41117760617762,55.81558880308882,Medium,1.0
2025-11-22,1.4,56.00000000000002,80.0,27.4,46.548577863577854,38.76928893178893,Medium,1.0
2025-11-23,0.8,47.10000000000003,74.0,28.6,39.2684126984127,38.34960317460318,Medium,1.0
2025-11-24,0.0,47.10000000000003,78.0,28.0,41.25,37.50000000000001,Medium,1.0
2025-11-25,1.5,45.60000000000003,81.0,27.1,44.16618628235922,36.616426474512956,Medium,1.0
2025-11-26,0.5,45.60000000000003,82.0,26.7,44.15507517124811,34.08864869673516,Medium,1.0
2025-11-27,3.3,44.300000000000026,86.0,25.8,49.61576994929276,38.781218307979714,Medium,1.0
2025-11-28,,7.500000000000028,82.0,25.8,27.024642752989227,28.659230096237984,Low,0.75
2025-11-29,1.0,7.100000000000028,75.0,27.5,17.73162260967381,22.433668447694057,Low,1.0
2025-11-30,0.3,6.600000000000028,79.0,27.1,20.733517060367475,22.690091863517083,Low,1.0
2025-12-01,0.0,6.600000000000028,77.0,28.9,21.169072615923024,30.02898075240595,Low,1.0
2025-12-02,14.8,19.900000000000027,86.0,26.4,42.33462236455832,40.11397784894582,Medium,1.0
2025-12-03,24.7,44.10000000000003,84.0,26.6,50.546817009162886,46.268964060137,Medium,1.0
2025-12-04,23.9,64.70000000000003,93.0,24.9,63.094472329472325,51.61890283140282,Medium,1.0
2025-12-05,,64.70000000000003,85.0,26.5,60.18089518089518,52.10853710853711,Medium,0.75
2025-12-06,40.4,104.10000000000002,88.0,25.0,69.6119347980156,57.30263406567447,Medium,1.0
2025-12-07,0.2,104.00000000000004,91.0,24.9,65.4376954878337,43.75384774391684,Medium,1.0
2025-12-08,15.3,119.30000000000004,97.0,24.1,72.71797661233168,53.897321639499175,Medium,1.0
2025-12-09,26.2,130.70000000000002,87.0,25.8,69.80459130640207,55.6839623198677,Medium,1.0
2025-12-10,49.6,155.60000000000002,91.0,25.4,75.78184620836286,63.51925643751476,Medium,1.0
2025-12-11,0.1,131.80000000000004,88.0,26.1,66.16455705173637,45.41227852586819,Medium,1.0
2025-12-12,2.3,134.10000000000002,85.0,26.4,64.68039451925348,46.013530592960066,Medium,1.0
2025-12-13,105.8,199.50000000000003,84.0,26.6,76.48401448932988,70.29756280022049,High,1.0
2025-12-14,24.4,223.70000000000005,91.0,25.3,77.20048310890621,59.02190822111977,Medium,1.0
2025-12-15,36.8,245.2,91.0,24.8,79.29360146468225,61.71513406567446,Medium,1.0
2025-12-16,18.1,237.1,98.0,23.5,80.17355067328135,57.58010866997402,Medium,1.0
2025-12-17,56.8,244.3,88.0,25.7,79.70744767304512,65.98105716985589,Medium,1.0
2025-12-18,3.6,247.8,87.0,26.2,73.87382352941177,52.025245098039214,Medium,1.0
2025-12-19,0.4,245.90000000000003,84.0,26.8,69.93994330262225,48.456638317977806,Medium,1.0
2025-12-20,2.2,142.3,80.0,27.7,60.77051795416962,48.395258977084815,Medium,1.0
2025-12-21,15.5,133.4,87.0,26.7,69.88294157020238,55.56091522954563,Medium,1.0
2025-12-22,20.0,116.60000000000004,88.0,26.0,69.14351523742027,54.655090952043466,Medium,1.0
2025-12-23,2.5,101.00000000000004,83.0,27.2,61.83329396015434,47.80553586896606,Medium,1.0
2025-12-24,0.0,44.20000000000003,82.0,27.4,45.33907125700561,38.16953562850281,Medium,1.0
2025-12-25,0.4,41.00000000000003,81.0,28.0,44.59304643714973,41.36652321857487,Medium,1.0
2025-12-26,8.8,49.40000000000003,85.0,25.9,51.2466924066924,41.63667953667953,Medium,1.0
2025-12-27,,47.20000000000002,87.0,26.5,56.285750035750034,50.715894465894465,Medium,0.75
2025-12-28,1.2,32.90000000000003,92.0,25.8,47.96211902855618,37.52439284761142,Medium,1.0
2025-12-29,16.4,29.30000000000003,88.0,26.1,47.31096610621831,42.94548305310916,Medium,1.0
2025-12-30,0.0,26.80000000000003,88.0,26.1,42.790165465705904,33.645082732852956,Medium,1.0
2025-12-31,7.6,34.40000000000003,80.0,27.1,39.5542660795303,37.178799706431825,Medium,1.0
2026-01-01,19.2,53.20000000000003,82.0,26.8,50.68934362934364,45.29800514800515,Medium,1.0
2026-01-02,5.5,49.90000000000003,94.0,24.6,56.38423423423424,43.325450450450454,Medium,1.0
2026-01-03,88.4,138.30000000000004,84.0,25.5,70.29444554689346,62.05255610678007,Medium,1.0
2026-01-04,0.0,137.10000000000005,80.0,26.7,56.7014627135995,38.836842467910856,Medium,1.0
2026-01-05,0.0,120.70000000000005,78.0,26.8,52.26066028821168,35.921996810772505,Medium,1.0
2026-01-06,0.0,120.70000000000005,81.0,27.2,58.99677139932278,43.387274588550284,Medium,1.0
2026-01-07,0.0,113.10000000000004,90.0,25.7,65.9368060477203,44.96840302386015,Medium,1.0
2026-01-08,11.5,105.40000000000003,88.0,25.9,67.26537916371367,51.282689581856836,Medium,1.0
2026-01-09,0.0,99.90000000000003,79.0,26.3,51.90721710370895,34.370275218521144,Medium,1.0
2026-01-10,42.7,54.20000000000003,86.0,26.1,58.22109395109396,53.483880308880316,Medium,1.0
2026-01-11,0.2,54.400000000000034,82.0,26.4,46.345444015444016,33.66605534105534,Medium,1.0
2026-01-12,3.0,57.400000000000034,83.0,26.5,50.01402831402831,38.40701415701415,Medium,1.0
2026-01-13,25.9,83.30000000000003,81.0,26.4,58.65402831402832,48.34034749034748,Medium,1.0
2026-01-14,0.0,83.30000000000003,76.0,27.2,48.05609180609181,35.23836336336337,Medium,1.0
2026-01-15,13.0,84.80000000000003,80.0,26.8,56.65498712998713,45.50249356499357,Medium,1.0
2026-01-16,40.4,125.20000000000005,84.0,26.2,67.60809591306402,56.884047956532015,Medium,1.0
2026-01-17,0.9,83.40000000000003,83.0,27.4,60.03953667953669,46.73976833976835,Medium,1.0
2026-01-18,3.0,86.20000000000003,79.0,27.6,55.58976494212143,45.19488247106073,Medium,1.0
2026-01-19,2.1,85.30000000000003,80.0,26.9,54.86697340197341,40.71070892320892,Medium,1.0
2026-01-20,0.0,59.400000000000034,75.0,26.9,38.997211497211495,28.863685113685104,Low,1.0
2026-01-21,0.0,59.400000000000034,77.0,26.3,38.79086229086229,26.562097812097814,Low,1.0
2026-01-22,0.0,46.400000000000034,74.0,26.6,33.390410741291454,24.215046640487007,Low,1.0
2026-01-23,0.0,6.000000000000028,75.0,26.2,13.40298087739034,13.344347581552313,Low,1.0
2026-01-24,0.0,5.100000000000028,71.0,26.9,11.912573428321473,14.607080364954381,Low,1.0
2026-01-25,0.0,2.1000000000000285,78.0,26.1,13.1952099737533,14.055938320209986,Low,1.0
2026-01-26,0.0,0.0,77.0,26.3,9.833333333333334,12.083333333333336,Low,1.0
2026-01-27,0.0,0.0,75.0,26.8,9.761904761904766,13.690476190476197,Low,1.0
2026-01-28,0.0,0.0,75.0,26.9,10.039682539682538,14.38492063492063,Low,1.0
2026-01-29,3.2,3.2000000000000286,90.0,25.7,30.633018372703432,29.876509186351708,Low,1.0
2026-01-30,3.0,6.200000000000029,83.0,26.7,27.137445319335093,28.079833770778656,Low,1.0
2026-01-31,0.0,6.200000000000029,81.0,26.8,23.21522309711288,23.274278215223113,Low,1.0
2026-02-01,59.5,65.70000000000003,83.0,26.2,58.61455598455599,54.567277992277994,Medium,1.0
2026-02-02,,65.70000000000003,79.0,26.5,49.70506220506221,41.489703989704,Medium,0.75
2026-02-03,,65.70000000000003,74.0,26.5,43.752681252681256,35.53732303732304,Medium,0.75
2026-02-04,,65.70000000000003,73.0,27.6,46.62966537966539,45.35875160875164,Medium,0.75
2026-02-05,0.0,62.50000000000003,76.0,27.3,41.6414628914629,32.58660446160448,Low,1.0
2026-02-06,2.7,62.20000000000003,83.0,26.7,51.99398541398542,40.26810381810382,Medium,1.0
2026-02-07,0.0,62.20000000000003,82.0,25.6,48.108429858429865,33.054214929214936,Medium,1.0
2026-02-08,0.4,3.1000000000000285,86.0,25.7,26.93427821522312,24.953805774278223,Low,1.0
2026-02-09,,3.1000000000000285,79.0,26.3,17.80475357247013,21.9050743657043,Low,0.75
2026-02-10,,3.1000000000000285,77.0,27.4,16.601049868766424,26.627296587926523,Low,0.75
2026-02-11,0.0,3.1000000000000285,78.0,27.5,17.128444881889788,22.314222440944903,Low,1.0
2026-02-12,6.5,9.600000000000028,75.0,28.0,23.06262654668168,31.824170416197987,Low,1.0
2026-02-13,,6.900000000000028,81.0,27.4,28.25896762904638,36.95538057742783,Medium,0.75
2026-02-14,2.2,9.100000000000028,83.0,25.5,27.712020997375333,24.949343832021,Low,1.0
2026-02-15,11.0,19.700000000000028,92.0,25.2,44.49789164665066,39.43227915665866,Medium,1.0
2026-02-16,0.6,20.30000000000003,93.0,25.0,42.63641713370696,33.25654190018681,Medium,1.0
2026-02-17,14.6,34.90000000000003,87.0,25.7,48.35442620763277,42.11221310381639,Medium,1.0
2026-02-18,,34.90000000000003,86.0,26.5,50.12899208255493,46.74406191619963,Medium,0.75
2026-02-19,6.5,34.90000000000003,83.0,24.3,40.98275954096611,32.22471310381639,Low,1.0
2026-02-20,0.6,35.50000000000003,81.0,26.5,38.09628502802242,29.52814251401121,Low,1.0
2026-02-21,,33.300000000000026,76.0,27.3,34.62454266764382,36.462556288417,Medium,0.75
2026-02-22,,22.30000000000003,84.0,26.4,41.09858256975951,39.77026065296681,Medium,0.75
2026-02-23,13.2,34.90000000000003,81.0,27.0,42.09831509652167,40.01360199270528,Medium,1.0
2026-02-24,,20.30000000000003,81.0,27.5,38.42657459300774,43.88927808913799,Medium,0.75
2026-02-25,0.0,20.300000000000026,77.0,28.7,29.965861578151408,33.87181967796459,Medium,1.0
2026-02-26,54.6,68.40000000000003,79.0,27.0,54.17617074217074,52.98386314886316,Medium,1.0
2026-02-27,0.2,68.00000000000003,72.0,28.1,43.81351029601031,38.048898005148025,Medium,1.0
2026-02-28,0.0,68.00000000000003,70.0,28.5,43.39124839124839,38.778957528957534,Medium,1.0
2026-03-01,0.0,68.00000000000003,70.0,29.3,44.5023595023595,41.556735306735305,Medium,1.0
2026-03-02,0.0,54.80000000000003,80.0,27.2,45.04692192192192,35.78734984984985,Medium,1.0
2026-03-03,0.0,54.80000000000003,83.0,26.9,49.08858858858859,37.76651651651651,Medium,1.0
2026-03-04,2.4,57.20000000000003,82.0,27.3,50.43190047190048,42.08039468039469,Medium,1.0
2026-03-05,0.0,2.6000000000000285,75.0,28.1,15.663315523059644,24.34951490438698,Low,1.0
2026-03-06,1.3,3.7000000000000286,76.0,27.6,16.022671541057395,22.622764341957286,Low,1.0
2026-03-07,0.8,4.500000000000028,74.0,28.1,16.943664229471338,25.4511178290214,Low,1.0
2026-03-08,0.0,4.500000000000028,74.0,27.8,15.686164229471338,22.307367829021395,Low,1.0
2026-03-09,0.0,4.500000000000028,75.0,28.2,17.47187851518562,25.878796400449957,Low,1.0
2026-03-10,0.0,4.500000000000028,72.0,28.1,15.552235658042768,23.75826068616426,Low,1.0
2026-03-11,0.0,2.1000000000000285,70.0,27.6,11.028543307086643,18.014271653543336,Low,1.0
2026-03-12,0.0,2.1000000000000285,70.0,28.1,12.59104330708664,21.920521653543336,Low,1.0
2026-03-13,0.0,0.8000000000000285,77.0,28.1,15.317421259842549,24.533710629921288,Low,1.0
2026-03-14,,0.0,89.0,25.9,29.30555555555556,33.74999999999999,Medium,0.75
2026-03-15,13.7,13.700000000000028,87.0,26.3,39.40573490813649,38.39786745406824,Medium,1.0
2026-03-16,11.4,25.10000000000003,78.0,27.3,33.14350991904635,34.847866070634296,Medium,1.0
2026-03-17,0.0,25.10000000000003,87.0,26.5,41.81795436349079,33.61731051507873,Medium,1.0
2026-03-18,1.5,26.60000000000003,81.0,28.0,39.26843474779824,39.58421737389913,Medium,1.0
2026-03-19,7.6,34.20000000000003,81.0,27.8,43.43253536162264,43.90960101414466,Medium,1.0
2026-03-20,7.0,41.20000000000003,86.0,26.4,49.82144382172405,41.77738857752869,Medium,1.0
2026-03-21,11.6,52.800000000000026,91.0,25.6,57.08897683397683,46.346155083655084,Medium,1.0
2026-03-22,28.4,67.50000000000003,76.0,27.9,49.93049227799228,50.091674710424705,Medium,1.0
2026-03-23,0.0,56.10000000000002,76.0,28.2,42.36003861003861,38.50144787644788,Medium,1.0
2026-03-24,0.0,56.10000000000002,77.0,28.3,43.03464178464179,39.295098670098675,Medium,1.0
2026-03-25,0.0,54.60000000000002,77.0,28.2,42.41312741312741,38.706563706563706,Medium,1.0
2026-03-26,10.0,57.00000000000003,78.0,28.2,47.72699485199485,47.32183075933076,Medium,1.0
2026-03-27,0.0,50.00000000000003,81.0,28.1,48.12057593307594,43.43528796653798,Medium,1.0
2026-03-28,2.5,40.90000000000003,84.0,27.5,48.33051441152922,43.29025720576462,Medium,1.0
2026-03-29,50.2,62.70000000000003,84.0,26.9,60.13841613041613,57.807430287430286,Medium,1.0
2026-03-30,1.3,64.00000000000003,86.0,26.1,55.624247104247104,40.68545688545689,Medium,1.0
2026-03-31,15.8,79.80000000000004,83.0,27.3,61.68345774345775,53.166173316173335,Medium,1.0
2026-04-01,0.0,79.80000000000004,93.0,25.6,64.14623552123552,44.53145109395109,Medium,1.0
2026-04-02,2.0,71.80000000000004,83.0,28.5,59.66389961389962,53.265283140283145,Medium,1.0
2026-04-03,6.7,78.50000000000003,78.0,28.8,55.03796010296011,51.76398005148005,Medium,1.0
2026-04-04,6.4,82.40000000000003,83.0,27.1,60.71111969111969,49.06222651222652,Medium,1.0
2026-04-05,0.0,32.20000000000003,77.0,27.6,32.16022818254605,29.83011409127304,Low,1.0
2026-04-06,42.8,73.70000000000003,81.0,27.8,61.08855855855857,60.60427927927929,Medium,1.0
2026-04-07,,57.900000000000034,78.0,28.0,49.6943371943372,52.31660231660233,Medium,0.75
2026-04-08,0.5,58.400000000000034,75.0,28.4,43.04212784212784,39.619476619476615,Medium,1.0
2026-04-09,15.7,72.10000000000004,87.0,26.2,61.84542471042472,49.98437902187902,Medium,1.0
2026-04-10,0.0,65.40000000000003,75.0,28.5,45.23326898326899,40.592824967824974,Medium,1.0
2026-04-11,52.0,111.00000000000004,81.0,27.3,65.78166942278921,61.49527915583905,Medium,1.0
2026-04-12,0.0,111.00000000000004,81.0,28.6,62.03500275612253,52.12861248917238,Medium,1.0
2026-04-13,0.0,68.20000000000005,86.0,26.7,57.34448734448736,42.28335478335478,Medium,1.0
2026-04-14,,68.20000000000005,86.0,27.2,65.2593069259736,61.00743600743602,Medium,0.75
2026-04-15,21.4,89.10000000000004,88.0,26.2,67.82603827072998,54.60968580203166,Medium,1.0
2026-04-16,,73.40000000000003,85.0,27.7,67.11059273559273,65.43302230802232,Medium,0.75
2026-04-17,0.1,73.50000000000003,80.0,27.8,52.9092084942085,43.409604247104255,Medium,1.0
2026-04-18,0.0,21.50000000000004,79.0,27.7,31.939301441152928,31.594650720576468,Low,1.0
2026-04-19,42.6,64.10000000000004,85.0,27.2,62.17419991419992,59.49598884598885,Medium,1.0
2026-04-20,7.1,71.20000000000003,96.0,25.1,65.1175160875161,49.36875804375805,Medium,1.0
2026-04-21,24.3,95.50000000000004,89.0,26.0,68.95235412237184,55.627843727852586,Medium,1.0
2026-04-22,15.3,89.40000000000003,84.0,27.3,65.29931175683124,55.34076698952675,Medium,1.0
2026-04-23,0.0,89.40000000000003,81.0,28.3,60.34264509016457,50.44910032286007,Medium,1.0
2026-04-24,0.0,89.30000000000004,79.0,29.0,57.55896133553824,49.751702889991336,Medium,1.0
2026-04-25,0.0,89.30000000000004,89.0,27.0,65.96173911331601,48.88364733443579,Medium,1.0
2026-04-26,42.5,89.20000000000005,86.0,27.1,70.60861091424522,63.63763879045595,Medium,1.0
2026-04-27,3.4,85.50000000000004,83.0,27.2,61.1596567996568,48.18871728871729,Medium,1.0
2026-04-28,0.8,62.00000000000004,77.0,28.7,45.80852423852424,42.43315100815101,Medium,1.0
2026-04-29,0.0,46.700000000000045,88.0,26.5,51.08987189751802,38.46160261542568,Medium,1.0
2026-04-30,3.0,49.700000000000045,82.0,28.0,50.411550836550845,46.85577541827543,Medium,1.0
2026-05-01,69.0,118.70000000000005,92.0,26.0,75.52754075124025,66.2004370422868,High,1.0
2026-05-02,5.0,123.70000000000005,80.0,28.1,62.04200626033546,53.77100313016775,Medium,1.0
2026-05-03,0.2,81.40000000000005,83.0,27.3,58.83825825825826,45.02357357357359,Medium,1.0
2026-05-04,,78.00000000000004,87.0,26.7,67.91404499737834,59.174352924352924,Medium,0.75
2026-05-05,62.0,139.20000000000005,83.0,27.4,71.12493267186393,66.52246633593197,High,1.0
2026-05-06,3.5,142.70000000000005,91.0,26.0,69.95997519489724,50.488320930781946,Medium,1.0
2026-05-07,13.2,152.90000000000003,86.0,27.5,72.35988483345145,60.491609083392405,Medium,1.0
2026-05-08,0.6,84.50000000000004,91.0,26.7,65.9540175890176,48.10978657228657,Medium,1.0
2026-05-09,72.5,152.00000000000006,81.0,27.8,70.55089770848099,68.5754488542405,High,1.0
2026-05-10,,151.80000000000007,82.0,28.4,72.96318170284624,71.85198309578182,High,0.75
2026-05-11,23.0,174.80000000000007,88.0,26.9,74.40857154106624,60.943174659422,Medium,1.0
2026-05-12,34.7,147.50000000000006,82.0,28.6,71.16068430585085,68.13145326403655,High,1.0
2026-05-13,2.8,146.80000000000004,84.0,26.8,65.04712024568865,47.930226789510996,Medium,1.0
2026-05-14,0.0,133.60000000000005,82.0,28.0,63.68919796834397,51.09459898417199,Medium,1.0
2026-05-15,42.5,175.50000000000003,93.0,25.8,77.83046893456178,64.20690113394755,Medium,1.0
2026-05-16,2.2,105.20000000000005,85.0,26.9,64.12801165446099,48.04622804945271,Medium,1.0
2026-05-17,0.0,105.20000000000005,87.0,28.1,68.94940054334988,56.55803360500828,Medium,1.0
2026-05-18,,82.20000000000005,81.0,28.9,66.40628723962058,69.10303160303161,High,0.75
2026-05-19,0.0,47.50000000000004,76.0,29.7,41.676319176319176,42.326254826254825,Medium,1.0
2026-05-20,0.0,44.700000000000045,,,40.06538564184682,24.039231385108096,Low,0.5
2026-05-21,0.8,45.50000000000004,,,41.13247931678677,25.95948759007206,Low,0.5
2026-05-22,0.0,3.000000000000042,75.2,29.2,17.786807899012658,28.849753155855534,Low,1.0
2026-05-23,0.0,0.8000000000000427,68.0,29.9,13.169603799525088,27.199881264841906,Low,1.0
2026-05-24,3.6,4.400000000000043,78.5,27.7,21.15456692913389,28.76978346456695,Low,1.0
2026-05-25,2.0,6.400000000000043,69.5,29.2,18.210401824771928,29.64369297587803,Low,1.0
2026-05-26,0.0,6.400000000000043,70.8,29.3,18.24571928508939,28.571272340957393,Low,1.0
2026-05-27,0.0,6.400000000000043,70.5,29.2,17.946116110486216,28.090121547306598,Low,1.0
2026-05-28,0.0,5.600000000000042,78.0,28.9,22.256671041119883,31.197779965004383,Low,1.0
2026-05-29,0.0,5.600000000000042,71.2,29.8,18.524528183977036,30.170994250718678,Low,1.0
2026-05-30,27.6,33.200000000000045,82.8,28.0,48.770548438751,53.555274219375505,Medium,1.0
2026-05-31,0.0,29.600000000000044,76.2,29.3,34.09360186561949,37.45949934550816,Medium,1.0
2026-06-01,26.5,54.10000000000005,79.2,27.7,49.46475225225227,49.78237612612614,Medium,1.0
2026-06-02,19.6,73.70000000000005,,,62.50870870870872,53.2918918918919,Medium,0.5
2026-06-03,,73.70000000000005,78.8,29.1,59.09284284284285,63.62237237237239,Medium,0.75
2026-06-04,16.4,90.10000000000004,78.8,29.0,60.7512091503268,58.262826797385614,Medium,1.0
2026-06-05,0.0,90.10000000000004,78.5,29.6,57.50204248366013,51.07741013071896,Medium,1.0
2026-06-06,0.0,62.50000000000004,76.0,29.6,46.36368511368512,44.39216001716002,Medium,1.0
2026-06-07,0.0,62.50000000000004,86.8,27.6,58.57995495495496,48.206644144144164,Medium,1.0
2026-06-08,4.3,40.30000000000004,80.8,28.7,46.81726670225069,48.11252224001422,Medium,1.0
2026-06-09,0.2,20.90000000000004,72.2,28.6,27.575736271556945,31.70183638974673,Low,1.0
2026-06-10,71.2,92.10000000000004,79.5,27.6,63.52371757618711,62.770358788093574,Medium,1.0
2026-06-11,0.0,75.70000000000003,81.8,27.6,56.027059202059206,44.663529601029616,Medium,1.0
2026-06-12,13.2,88.90000000000005,81.5,27.6,62.14255965036618,53.75794649184977,Medium,1.0
2026-06-13,0.0,88.90000000000003,81.5,28.5,61.34089298369951,51.753779825183095,Medium,1.0
2026-06-14,0.0,88.90000000000003,82.2,27.8,60.72422631703285,48.46211315851644,Medium,1.0
2026-06-15,1.4,86.00000000000003,76.8,28.0,52.33081013128143,43.49969077992643,Medium,1.0
2026-06-16,,85.80000000000004,77.5,27.6,57.23804161304164,53.092824967825,Medium,0.75
2026-06-17,0.0,14.600000000000042,82.2,26.9,31.90717410323711,28.77580927384078,Low,1.0
2026-06-18,35.6,50.200000000000045,82.0,26.7,51.11298155298155,48.28760188760189,Medium,1.0
2026-06-19,0.0,37.00000000000004,77.8,28.5,37.87343207899654,37.7700493728316,Medium,1.0
2026-06-20,64.5,101.50000000000004,83.5,26.5,67.24837939995275,60.03418969997638,Medium,1.0
2026-06-21,10.5,112.00000000000004,,,69.61973383731002,52.70517363571935,Medium,0.5
2026-06-22,19.6,130.20000000000005,82.5,27.0,65.19895031104812,54.02058626663517,Medium,1.0
2026-06-23,,130.20000000000005,78.0,28.2,63.32043861721395,62.158929836995036,Medium,0.75
2026-06-24,0.0,130.20000000000005,93.0,25.6,68.73839475549255,46.82753071107961,Medium,1.0
2026-06-25,33.0,127.60000000000004,83.2,27.1,67.7265060240964,58.89658634538155,Medium,1.0
2026-06-26,0.0,127.60000000000004,81.0,27.9,61.52233935742972,48.88616967871485,Medium,1.0
